INSERT INTO `areatrigger_polygon` (`entry`, `spellId`, `type`, `id`, `x`, `y`) VALUES
(3330, 0, 1, 0, 8.618042, -5.043396),
(3330, 0, 1, 1, 8.704865, 4.901047),
(3330, 0, 1, 2, -6.28125, 5.21701),
(3330, 0, 1, 3, -6.130219, -5.350693),
(6708, 0, 1, 0, 8.618042, -5.043396),
(6708, 0, 1, 1, 8.704865, 4.901047),
(6708, 0, 1, 2, -6.28125, 5.21701),
(6708, 0, 1, 3, -6.130219, -5.350693);

DELETE FROM `creature_template` WHERE `entry` IN (95766, 99192, 101660, 95769, 95771, 95772, 99200, 97009, 95779, 101679, 99354, 99356, 99360, 32641, 32642, 99365, 99366, 103344, 101991, 96512, 101857, 96793, 62821, 62822, 97489, 97490, 97491, 97492, 101329, 97493, 97500, 100652, 97505, 97507, 102851, 97509, 101072, 100526, 97512, 100527, 97513, 100529, 100531, 100532, 97518, 100533, 97520, 100400, 100539, 100403, 100404, 97529, 97532);
INSERT INTO `creature_template` (`entry`, `gossip_menu_id`, `exp`, `minlevel`, `maxlevel`, `faction`, `npcflag`, `npcflag2`, `speed_walk`, `speed_run`, `BaseAttackTime`, `RangeAttackTime`, `unit_class`, `unit_flags`, `unit_flags2`, `unit_flags3`, `dynamicflags`, `VehicleId`, `HoverHeight`, `InhabitType`, `WorldEffectID`, `AiID`, `MovementIDKit`, `MeleeID`) VALUES
(95766, 0, 5, 110, 110, 16, 0, 0, 1, 1, 2000, 2000, 1, 32832, 2099200, 0, 0, 0, 1, 3, 0, 0, 0, 0), -- 95766
(99192, 0, 5, 110, 110, 1771, 0, 0, 1, 1, 2000, 2000, 2, 32768, 2099200, 0, 0, 0, 1, 3, 0, 0, 0, 0), -- 99192
(101660, 0, 5, 110, 110, 14, 0, 0, 1, 0.9571428, 2000, 2000, 1, 32832, 2048, 0, 0, 0, 1, 3, 0, 0, 0, 0), -- 101660
(95769, 0, 5, 110, 110, 16, 0, 0, 1, 1, 2000, 2000, 1, 32832, 4196352, 0, 0, 0, 1, 7, 0, 0, 0, 0), -- 95769
(95771, 0, 5, 110, 110, 16, 0, 0, 1, 1.142857, 2000, 2000, 8, 32768, 2099200, 0, 0, 0, 1, 3, 0, 0, 0, 0), -- 95771
(95772, 0, 5, 110, 110, 16, 0, 0, 1, 1, 2000, 2000, 4, 32832, 2099200, 0, 0, 0, 1, 3, 0, 0, 0, 0), -- 95772
(99200, 0, 5, 110, 110, 16, 0, 0, 2.8, 1.714286, 2000, 2000, 8, 32768, 2099200, 0, 0, 0, 9, 3, 0, 0, 0, 0), -- 99200
(97009, 0, 5, 105, 105, 2007, 4224, 4, 1, 1.142857, 2000, 2000, 1, 512, 2048, 32, 0, 0, 1, 3, 0, 0, 0, 0), -- 97009
(95779, 0, 5, 110, 110, 16, 0, 0, 2.8, 2, 2000, 2000, 1, 32768, 2099200, 0, 0, 0, 1, 3, 0, 0, 0, 0), -- 95779
(101679, 0, 5, 110, 110, 16, 0, 0, 1, 1.142857, 2000, 2000, 8, 32768, 2048, 0, 0, 0, 1, 3, 0, 0, 0, 0), -- 101679
(99354, 0, 5, 110, 110, 16, 0, 0, 1, 1, 2000, 2000, 1, 32832, 4196352, 0, 0, 0, 1, 3, 0, 0, 0, 0), -- 99354
(99356, 0, 5, 110, 110, 16, 0, 0, 1, 1.142857, 2000, 2000, 1, 32768, 2048, 0, 0, 0, 1, 3, 0, 0, 0, 0), -- 99356
(99360, 0, 5, 110, 110, 16, 0, 0, 1, 1, 2000, 2000, 1, 32832, 2048, 0, 0, 0, 1, 3, 0, 0, 0, 0), -- 99360
(32641, 0, 2, 80, 80, 1735, 7296, 0, 1, 1.142857, 2000, 2000, 1, 33536, 2048, 0, 0, 0, 1, 3, 0, 0, 0, 0), -- 32641
(32642, 0, 2, 80, 80, 1735, 640, 0, 1, 1.142857, 2000, 2000, 1, 33536, 2048, 0, 0, 0, 1, 3, 0, 0, 0, 0), -- 32642
(99365, 0, 5, 110, 110, 16, 0, 0, 1, 1, 2000, 2000, 8, 32832, 2048, 0, 0, 0, 1, 3, 0, 0, 0, 0), -- 99365
(99366, 0, 5, 110, 110, 16, 0, 0, 1, 1, 2000, 2000, 8, 32832, 2048, 0, 0, 0, 1, 3, 0, 0, 0, 0), -- 99366
(103344, 0, 5, 110, 110, 16, 0, 0, 1, 1, 2000, 2000, 1, 295232, 2099200, 0, 0, 4615, 1, 3, 0, 0, 0, 0), -- 103344
(101991, 0, 5, 110, 110, 16, 0, 0, 0.666668, 1.142857, 2000, 2000, 1, 32768, 4196352, 0, 0, 0, 1, 3, 0, 0, 0, 0), -- 101991
(96512, 0, 5, 110, 110, 16, 0, 0, 1, 1.142857, 2000, 2000, 8, 32832, 2099200, 0, 0, 0, 1, 3, 0, 0, 0, 0), -- 96512
(101857, 0, 5, 110, 110, 16, 0, 0, 1, 1.142857, 2000, 2000, 8, 32768, 2048, 0, 0, 0, 1, 3, 0, 0, 0, 0), -- 101857
(96793, 0, 5, 105, 105, 2027, 640, 0, 1, 1.142857, 2000, 2000, 1, 33536, 2048, 0, 0, 0, 1, 3, 0, 0, 0, 0), -- 96793
(62821, 0, 5, 91, 91, 35, 268435456, 0, 0.888888, 0.9920629, 2000, 2000, 8, 33536, 2048, 0, 0, 0, 1, 3, 0, 0, 0, 0), -- 62821
(62822, 0, 4, 90, 90, 35, 6784, 0, 0.888888, 0.9920629, 2000, 2000, 1, 33536, 2048, 0, 0, 0, 1, 3, 0, 0, 0, 0), -- 62822
(97489, 0, 5, 105, 105, 1732, 0, 4, 1, 1.142857, 2000, 2000, 2, 32768, 2048, 32, 0, 0, 1, 3, 0, 0, 0, 0), -- 97489
(97490, 0, 5, 105, 105, 1732, 0, 4, 1, 1.142857, 2000, 2000, 1, 32768, 2048, 32, 0, 0, 1, 3, 0, 0, 0, 0), -- 97490
(97491, 0, 5, 105, 105, 1732, 0, 4, 1, 1.142857, 2000, 2000, 8, 32768, 2048, 32, 0, 0, 1, 3, 0, 0, 0, 0), -- 97491
(97492, 0, 5, 105, 105, 1735, 0, 4, 1, 1.142857, 2000, 2000, 1, 32768, 2048, 32, 0, 0, 1, 3, 0, 0, 0, 0), -- 97492
(101329, 0, 5, 110, 110, 16, 0, 0, 1, 1.142857, 2000, 2000, 1, 33024, 32768, 0, 0, 4533, 1, 3, 0, 0, 0, 0), -- 101329
(97493, 0, 5, 105, 105, 1732, 0, 4, 1, 1.142857, 2000, 2000, 2, 32768, 2048, 32, 0, 0, 1, 3, 0, 0, 0, 0), -- 97493
(97500, 0, 5, 105, 105, 1735, 0, 4, 1, 1.142857, 2000, 2000, 2, 32768, 2048, 32, 0, 0, 1, 3, 0, 0, 0, 0), -- 97500
(100652, 0, 5, 110, 110, 35, 0, 0, 1, 1, 2000, 2000, 2, 33088, 2048, 0, 0, 0, 1, 3, 0, 0, 0, 0), -- 100652
(97505, 0, 5, 105, 105, 1735, 0, 4, 1, 1.142857, 2000, 2000, 4, 32768, 2048, 32, 0, 0, 1, 3, 0, 0, 0, 0), -- 97505
(97507, 0, 5, 105, 105, 1732, 0, 4, 1, 1.142857, 2000, 2000, 2, 32768, 2048, 32, 0, 0, 1, 3, 0, 0, 0, 0), -- 97507
(102851, 0, 0, 1, 1, 35, 0, 0, 1, 0.9920629, 2000, 2000, 1, 33554432, 2048, 1, 0, 0, 1, 3, 0, 0, 0, 0), -- 102851
(97509, 0, 5, 105, 105, 1735, 0, 4, 1, 1.142857, 2000, 2000, 2, 32768, 2048, 32, 0, 0, 1, 3, 0, 0, 0, 0), -- 97509
(101072, 0, 5, 110, 110, 14, 0, 0, 1, 1.142857, 2000, 2000, 1, 33587200, 2048, 0, 0, 0, 1, 3, 0, 0, 0, 0), -- 101072
(100526, 0, 5, 110, 110, 16, 0, 0, 1, 1.142857, 2000, 2000, 1, 32768, 2048, 0, 0, 0, 1, 3, 0, 0, 0, 0), -- 100526
(97512, 0, 5, 105, 105, 1735, 0, 4, 1, 1.142857, 2000, 2000, 2, 32768, 2048, 32, 0, 0, 1, 3, 0, 0, 0, 0), -- 97512
(100527, 0, 5, 110, 110, 16, 0, 0, 1, 1, 2000, 2000, 2, 32768, 2048, 0, 0, 0, 1, 3, 0, 0, 0, 0), -- 100527
(97513, 0, 5, 105, 105, 1735, 0, 4, 1, 1.142857, 2000, 2000, 8, 32768, 2048, 32, 0, 0, 1, 3, 0, 0, 0, 0), -- 97513
(100529, 0, 5, 110, 110, 16, 0, 0, 1, 0.9920629, 2000, 2000, 1, 32768, 2048, 0, 0, 0, 1, 3, 0, 0, 0, 0), -- 100529
(100531, 0, 5, 110, 110, 16, 0, 0, 1, 1.289683, 2000, 2000, 1, 32768, 2048, 0, 0, 0, 1, 3, 0, 0, 0, 0), -- 100531
(100532, 0, 5, 110, 110, 16, 0, 0, 1, 1.289683, 2000, 2000, 1, 32768, 2048, 0, 0, 0, 1, 3, 0, 0, 0, 0), -- 100532
(97518, 0, 5, 105, 105, 1735, 0, 4, 1, 1.142857, 2000, 2000, 2, 32768, 2048, 32, 0, 0, 1, 3, 0, 0, 0, 0), -- 97518
(100533, 0, 5, 110, 110, 14, 0, 0, 1, 1.142857, 2000, 2000, 1, 33587200, 2048, 0, 0, 0, 1, 3, 0, 0, 0, 0), -- 100533
(97520, 0, 5, 105, 105, 1735, 0, 4, 1, 1.142857, 2000, 2000, 1, 32768, 2048, 32, 0, 0, 1, 3, 0, 0, 0, 0), -- 97520
(100400, 0, 5, 110, 110, 35, 0, 0, 1, 1.142857, 2000, 2000, 8, 33587200, 67110912, 1, 0, 0, 1, 3, 0, 0, 0, 0), -- 100400
(100539, 0, 5, 110, 110, 16, 0, 0, 1, 1, 2000, 2000, 8, 32832, 2048, 0, 0, 0, 1, 3, 0, 0, 0, 0), -- 100539
(100403, 0, 5, 110, 110, 35, 0, 0, 1, 1.142857, 2000, 2000, 8, 32768, 2099200, 1, 0, 0, 1, 3, 0, 0, 0, 0), -- 100403
(100404, 0, 0, 1, 1, 35, 0, 0, 1, 0.9920629, 2000, 2000, 1, 33554432, 2048, 1, 0, 0, 1, 3, 0, 0, 0, 0), -- 100404
(97529, 0, 5, 105, 105, 2007, 1, 4, 1, 1.142857, 2000, 2000, 8, 32768, 2048, 32, 0, 0, 1, 3, 0, 0, 0, 0), -- 97529
(97532, 0, 5, 105, 105, 1732, 0, 4, 1, 1.142857, 2000, 2000, 8, 32768, 2048, 32, 0, 0, 1, 3, 0, 0, 0, 0); -- 97532

delete from creature where map = 1466;
DELETE FROM creature WHERE `guid` BETWEEN @CGUID+0 AND @CGUID+350;
INSERT INTO creature (`guid`, `id`, `map`, `zoneId`, `areaId`, `spawnMask`, `phaseMask`, `PhaseId`, `modelid`, `equipment_id`, `position_x`, `position_y`, `position_z`, `orientation`, `spawntimesecs`, `spawndist`, `currentwaypoint`, `curhealth`, `curmana`, `MovementType`, `npcflag`, `unit_flags`, `dynamicflags`) VALUES
(@CGUID+22, 101679, 1466, 0, 0, 3, 1, '0', 0, 0, 3175.01, 1831.04, 216.9253, 4.361326, 7200, 0, 0, 0, 0, 0, 0, 0, 0), -- 101679 (Area: 7673) (Auras: 200666 - 200666)
(@CGUID+23, 95772, 1466, 0, 0, 3, 1, '0', 0, 0, 3172.36, 1825.622, 217.2153, 1.389292, 7200, 0, 0, 0, 0, 0, 0, 0, 0), -- 95772 (Area: 7673)
(@CGUID+24, 95779, 1466, 0, 0, 3, 1, '0', 0, 0, 3211.516, 1873.269, 215.7335, 2.444323, 7200, 0, 0, 0, 0, 0, 0, 0, 0), -- 95779 (Area: 7673) (Auras: 195110 - 195110)
(@CGUID+25, 101679, 1466, 0, 0, 3, 1, '0', 0, 0, 3200.088, 1941.634, 216.342, 6.154708, 7200, 0, 0, 0, 0, 0, 0, 0, 0), -- 101679 (Area: 7673) (Auras: 200666 - 200666)
(@CGUID+26, 100400, 1466, 0, 0, 3, 1, '0', 0, 0, 3208.349, 1881.241, 214.9865, 0.2255282, 7200, 0, 0, 0, 0, 0, 0, 0, 0), -- 100400 (Area: 7673) (Auras: 146007 - 146007)
(@CGUID+27, 100400, 1466, 0, 0, 3, 1, '0', 0, 0, 3155.484, 1907.234, 212.6432, 1.246617, 7200, 0, 0, 0, 0, 0, 0, 0, 0), -- 100400 (Area: 7673) (Auras: 146007 - 146007)
(@CGUID+28, 100400, 1466, 0, 0, 3, 1, '0', 0, 0, 3203.707, 1881.844, 214.9865, 4.191301, 7200, 0, 0, 0, 0, 0, 0, 0, 0), -- 100400 (Area: 7673) (Auras: 146007 - 146007)
(@CGUID+29, 100400, 1466, 0, 0, 3, 1, '0', 0, 0, 3169.582, 1862.234, 215.4187, 0.2255282, 7200, 0, 0, 0, 0, 0, 0, 0, 0), -- 100400 (Area: 7673) (Auras: 146007 - 146007)
(@CGUID+30, 95769, 1466, 0, 0, 3, 1, '0', 0, 0, 3130.979, 1761.403, 274.167, 5.768513, 7200, 10, 0, 0, 0, 1, 0, 0, 0), -- 95769 (Area: 7673) (possible waypoints or random movement)
(@CGUID+31, 95771, 1466, 0, 0, 3, 1, '0', 0, 0, 3165.878, 1892.5, 214.4168, 1.69817, 7200, 0, 0, 0, 0, 0, 0, 0, 0), -- 95771 (Area: 7673) (Auras: )
(@CGUID+32, 100400, 1466, 0, 0, 3, 1, '0', 0, 0, 3201.504, 1876.345, 215.0655, 4.69587, 7200, 0, 0, 0, 0, 0, 0, 0, 0), -- 100400 (Area: 7673) (Auras: 146007 - 146007)
(@CGUID+33, 95769, 1466, 0, 0, 3, 1, '0', 0, 0, 3179.297, 1869.575, 220.9818, 3.860092, 7200, 0, 0, 0, 0, 0, 0, 0, 0), -- 95769 (Area: 7673) (Auras: )
(@CGUID+34, 95779, 1466, 0, 0, 3, 1, '0', 0, 0, 3209.843, 1942.068, 216.4045, 2.881964, 7200, 0, 0, 0, 0, 0, 0, 0, 0), -- 95779 (Area: 7673) (Auras: )
(@CGUID+35, 95772, 1466, 0, 0, 3, 1, '0', 0, 0, 3172.538, 1866.741, 217.5238, 5.369719, 7200, 0, 0, 0, 0, 0, 0, 0, 0), -- 95772 (Area: 7673) (Auras: )
(@CGUID+36, 100400, 1466, 0, 0, 3, 1, '0', 0, 0, 3171.687, 1856.144, 215.3274, 4.302589, 7200, 0, 0, 0, 0, 0, 0, 0, 0), -- 100400 (Area: 7673) (Auras: 146007 - 146007)
(@CGUID+37, 95779, 1466, 0, 0, 3, 1, '0', 0, 0, 3153.208, 1911.611, 211.9816, 0.08566856, 7200, 0, 0, 0, 0, 0, 0, 0, 0), -- 95779 (Area: 7673) (Auras: )
(@CGUID+38, 100400, 1466, 0, 0, 3, 1, '0', 0, 0, 3157.997, 1912.691, 212.6474, 1.246617, 7200, 0, 0, 0, 0, 0, 0, 0, 0), -- 100400 (Area: 7673) (Auras: 146007 - 146007)
(@CGUID+39, 95771, 1466, 0, 0, 3, 1, '0', 0, 0, 3161.123, 1892.019, 214.6454, 1.978725, 7200, 0, 0, 0, 0, 0, 0, 0, 0), -- 95771 (Area: 7673) (Auras: )
(@CGUID+40, 100400, 1466, 0, 0, 3, 1, '0', 0, 0, 3157.938, 1909.491, 212.8618, 0.6270679, 7200, 0, 0, 0, 0, 0, 0, 0, 0), -- 100400 (Area: 7673) (Auras: 146007 - 146007)
(@CGUID+41, 95769, 1466, 0, 0, 3, 1, '0', 0, 0, 3165.796, 1831.731, 220.936, 5.577255, 7200, 0, 0, 0, 0, 0, 0, 0, 0), -- 95769 (Area: 7673) (Auras: )
(@CGUID+42, 95769, 1466, 0, 0, 3, 1, '0', 0, 0, 3126.223, 1848.376, 274.8328, 5.9539, 7200, 10, 0, 0, 0, 1, 0, 0, 0), -- 95769 (Area: 7673) (possible waypoints or random movement)
(@CGUID+43, 95772, 1466, 0, 0, 3, 1, '0', 0, 0, 3174.373, 1873.953, 219.1952, 3.553533, 7200, 0, 0, 0, 0, 0, 0, 0, 0), -- 95772 (Area: 7673) (Auras: )
(@CGUID+44, 100400, 1466, 0, 0, 3, 1, '0', 0, 0, 3204.292, 1933.908, 216.4441, 0.5532302, 7200, 0, 0, 0, 0, 0, 0, 0, 0), -- 100400 (Area: 7673) (Auras: 146007 - 146007)
(@CGUID+45, 95771, 1466, 0, 0, 3, 1, '0', 0, 0, 3204.042, 1948.082, 216.3086, 5.053982, 7200, 0, 0, 0, 0, 0, 0, 0, 0), -- 95771 (Area: 7673) (Auras: )
(@CGUID+46, 100400, 1466, 0, 0, 3, 1, '0', 0, 0, 3205.241, 1937.818, 216.4143, 1.24094, 7200, 0, 0, 0, 0, 0, 0, 0, 0), -- 100400 (Area: 7673) (Auras: 146007 - 146007)
(@CGUID+47, 100400, 1466, 0, 0, 3, 1, '0', 0, 0, 3166.666, 1918.616, 214.1201, 1.246617, 7200, 0, 0, 0, 0, 0, 0, 0, 0), -- 100400 (Area: 7673) (Auras: 146007 - 146007)
(@CGUID+48, 95769, 1466, 0, 0, 3, 1, '0', 0, 0, 3168.706, 1814.417, 245.7323, 5.59596, 7200, 10, 0, 0, 0, 1, 0, 0, 0), -- 95769 (Area: 7673) (possible waypoints or random movement)
(@CGUID+49, 95772, 1466, 0, 0, 3, 1, '0', 0, 0, 3126.983, 1995.379, 206.6687, 3.686203, 7200, 0, 0, 0, 0, 0, 0, 0, 0), -- 95772 (Area: 7673) (Auras: )
(@CGUID+50, 100400, 1466, 0, 0, 3, 1, '0', 0, 0, 3074.009, 1908.825, 205.7921, 1.094562, 7200, 0, 0, 0, 0, 0, 0, 0, 0), -- 100400 (Area: 7673) (Auras: 146007 - 146007)
(@CGUID+51, 99356, 1466, 0, 0, 3, 1, '0', 0, 0, 3172.949, 1973.293, 215.7263, 3.84403, 7200, 0, 0, 0, 0, 0, 0, 0, 0), -- 99356 (Area: 7673) (Auras: 200760 - 200760)
(@CGUID+52, 100400, 1466, 0, 0, 3, 1, '0', 0, 0, 3211.81, 1948.608, 216.3593, 0.2255282, 7200, 0, 0, 0, 0, 0, 0, 0, 0), -- 100400 (Area: 7673) (Auras: 146007 - 146007)
(@CGUID+53, 101679, 1466, 0, 0, 3, 1, '0', 0, 0, 3122.068, 1994.626, 206.3628, 4.041518, 7200, 0, 0, 0, 0, 0, 0, 0, 0), -- 101679 (Area: 7673) (Auras: 200666 - 200666)
(@CGUID+54, 99356, 1466, 0, 0, 3, 1, '0', 0, 0, 3177.268, 1985.113, 215.0824, 1.184443, 7200, 0, 0, 0, 0, 0, 0, 0, 0), -- 99356 (Area: 7673) (Auras: 200760 - 200760)
(@CGUID+55, 100400, 1466, 0, 0, 3, 1, '0', 0, 0, 3208.89, 1948.271, 216.3411, 1.015835, 7200, 0, 0, 0, 0, 0, 0, 0, 0), -- 100400 (Area: 7673) (Auras: 146007 - 146007)
(@CGUID+56, 95771, 1466, 0, 0, 3, 1, '0', 0, 0, 3073.195, 1942.08, 205.505, 3.053142, 7200, 0, 0, 0, 0, 0, 0, 0, 0), -- 95771 (Area: 7673)
(@CGUID+57, 99356, 1466, 0, 0, 3, 1, '0', 0, 0, 3166.083, 1980.148, 214.5629, 4.599315, 7200, 0, 0, 0, 0, 0, 0, 0, 0), -- 99356 (Area: 7673) (Auras: 200760 - 200760)
(@CGUID+58, 101679, 1466, 0, 0, 3, 1, '0', 0, 0, 3116.754, 1911.823, 205.8161, 5.380726, 7200, 0, 0, 0, 0, 0, 0, 0, 0), -- 101679 (Area: 7673)
(@CGUID+59, 95772, 1466, 0, 0, 3, 1, '0', 0, 0, 3066.785, 1929.745, 205.4877, 0.03621473, 7200, 0, 0, 0, 0, 0, 0, 0, 0), -- 95772 (Area: 7673) (Auras: 200448 - 200448)
(@CGUID+60, 100400, 1466, 0, 0, 3, 1, '0', 0, 0, 3071.785, 1902.004, 205.7034, 1.751203, 7200, 0, 0, 0, 0, 0, 0, 0, 0), -- 100400 (Area: 7673) (Auras: 146007 - 146007)
(@CGUID+61, 95779, 1466, 0, 0, 3, 1, '0', 0, 0, 3067.062, 1907.899, 206.1484, 1.197031, 7200, 0, 0, 0, 0, 0, 0, 0, 0), -- 95779 (Area: 7673) (Auras: 195110 - 195110)
(@CGUID+62, 100400, 1466, 0, 0, 3, 1, '0', 0, 0, 3142.047, 1915.47, 209.4855, 5.642033, 7200, 0, 0, 0, 0, 0, 0, 0, 0), -- 100400 (Area: 7673) (Auras: 146007 - 146007)
(@CGUID+63, 100400, 1466, 0, 0, 3, 1, '0', 0, 0, 3068.618, 1916.868, 205.6707, 5.609585, 7200, 0, 0, 0, 0, 0, 0, 0, 0), -- 100400 (Area: 7673) (Auras: 146007 - 146007)
(@CGUID+64, 95771, 1466, 0, 0, 3, 1, '0', 0, 0, 3109.276, 1919.222, 205.8807, 5.876401, 7200, 0, 0, 0, 0, 0, 0, 0, 0), -- 95771 (Area: 7673)
(@CGUID+65, 95771, 1466, 0, 0, 3, 1, '0', 0, 0, 3075.598, 1932.069, 205.5969, 3.262818, 7200, 0, 0, 0, 0, 0, 0, 0, 0), -- 95771 (Area: 7673)
(@CGUID+66, 95772, 1466, 0, 0, 3, 1, '0', 0, 0, 3110.068, 1903.885, 205.8441, 1.657298, 7200, 0, 0, 0, 0, 0, 0, 0, 0), -- 95772 (Area: 7673)
(@CGUID+67, 99356, 1466, 0, 0, 3, 1, '0', 0, 0, 3176.789, 1966.144, 216.0055, 1.117739, 7200, 0, 0, 0, 0, 0, 0, 0, 0), -- 99356 (Area: 7673) (Auras: 200760 - 200760)
(@CGUID+68, 95769, 1466, 0, 0, 3, 1, '0', 0, 0, 3045.376, 1776.695, 274.6673, 5.942642, 7200, 0, 0, 0, 0, 0, 0, 0, 0), -- 95769 (Area: 7673)
(@CGUID+69, 95772, 1466, 0, 0, 3, 1, '0', 0, 0, 3113.302, 1915.201, 206.1042, 2.757541, 7200, 0, 0, 0, 0, 0, 0, 0, 0), -- 95772 (Area: 7673) (Auras: )
(@CGUID+70, 95772, 1466, 0, 0, 3, 1, '0', 0, 0, 3067.878, 1942.826, 206.2116, 0.6038377, 7200, 0, 0, 0, 0, 0, 0, 0, 0), -- 95772 (Area: 7673) (Auras: 200448 - 200448)
(@CGUID+71, 100400, 1466, 0, 0, 3, 1, '0', 0, 0, 3202.958, 1943.776, 216.3415, 5.642033, 7200, 0, 0, 0, 0, 0, 0, 0, 0), -- 100400 (Area: 7673) (Auras: 146007 - 146007)
(@CGUID+72, 95779, 1466, 0, 0, 3, 1, '0', 0, 0, 3078.632, 1902.665, 205.8631, 6.198259, 7200, 0, 0, 0, 0, 0, 0, 0, 0), -- 95779 (Area: 7673) (Auras: 195110 - 195110)
(@CGUID+73, 101679, 1466, 0, 0, 3, 1, '0', 0, 0, 3076.039, 1958.606, 203.3218, 2.027779, 7200, 0, 0, 0, 0, 0, 0, 0, 0), -- 101679 (Area: 7673) (Auras: 200666 - 200666)
(@CGUID+74, 95772, 1466, 0, 0, 3, 1, '0', 0, 0, 3157.04, 2038.034, 204.6437, 3.908018, 7200, 0, 0, 0, 0, 0, 0, 0, 0), -- 95772 (Area: 7673) (Auras: )
(@CGUID+75, 100529, 1466, 0, 0, 3, 1, '0', 0, 0, 3091.477, 1677.488, 140.9398, 4.405632, 7200, 10, 0, 0, 0, 1, 0, 0, 0), -- 100529 (Area: 7673) (possible waypoints or random movement)
(@CGUID+76, 101679, 1466, 0, 0, 3, 1, '0', 0, 0, 3104.273, 1989.88, 205.6337, 0.7102805, 7200, 0, 0, 0, 0, 0, 0, 0, 0), -- 101679 (Area: 7673) (Auras: 200666 - 200666)
(@CGUID+77, 95772, 1466, 0, 0, 3, 1, '0', 0, 0, 3152.565, 2042.362, 204.6437, 3.585211, 7200, 0, 0, 0, 0, 0, 0, 0, 0), -- 95772 (Area: 7673) (Auras: )
(@CGUID+78, 95772, 1466, 0, 0, 3, 1, '0', 0, 0, 3121.307, 1999.432, 206.1157, 3.864387, 7200, 0, 0, 0, 0, 0, 0, 0, 0), -- 95772 (Area: 7673) (Auras: )
(@CGUID+79, 100529, 1466, 0, 0, 3, 1, '0', 0, 0, 3090.936, 1686.871, 141.8683, 2.703489, 7200, 10, 0, 0, 0, 1, 0, 0, 0), -- 100529 (Area: 7673) (possible waypoints or random movement)
(@CGUID+80, 101660, 1466, 0, 0, 3, 1, '0', 0, 0, 3202.638, 2037.58, 205.4849, 3.740547, 7200, 0, 0, 0, 0, 0, 0, 0, 0), -- 101660 (Area: 7673) (Auras: 195110 - 195110)
(@CGUID+81, 100529, 1466, 0, 0, 3, 1, '0', 0, 0, 3093.718, 1676.479, 141.7739, 3.253162, 7200, 10, 0, 0, 0, 1, 0, 0, 0), -- 100529 (Area: 7673) (possible waypoints or random movement)
(@CGUID+82, 100400, 1466, 0, 0, 3, 1, '0', 0, 0, 3189.24, 2024.988, 206.9165, 4.602357, 7200, 0, 0, 0, 0, 0, 0, 0, 0), -- 100400 (Area: 7673) (Auras: 146007 - 146007)
(@CGUID+83, 100529, 1466, 0, 0, 3, 1, '0', 0, 0, 3100.804, 1669.657, 140.2296, 1.089174, 7200, 10, 0, 0, 0, 1, 0, 0, 0), -- 100529 (Area: 7673) (possible waypoints or random movement)
(@CGUID+84, 100529, 1466, 0, 0, 3, 1, '0', 0, 0, 3080.525, 1688.196, 141.9948, 6.209026, 7200, 10, 0, 0, 0, 1, 0, 0, 0), -- 100529 (Area: 7673) (possible waypoints or random movement)
(@CGUID+85, 100529, 1466, 0, 0, 3, 1, '0', 0, 0, 3088.21, 1680.99, 141.5226, 4.790061, 7200, 10, 0, 0, 0, 1, 0, 0, 0), -- 100529 (Area: 7673) (possible waypoints or random movement)
(@CGUID+86, 95771, 1466, 0, 0, 3, 1, '0', 0, 0, 3071.626, 1956.175, 203.2013, 2.086031, 7200, 0, 0, 0, 0, 0, 0, 0, 0), -- 95771 (Area: 7673) (Auras: )
(@CGUID+87, 100400, 1466, 0, 0, 3, 1, '0', 0, 0, 3206.141, 2029.309, 205.4849, 6.180327, 7200, 0, 0, 0, 0, 0, 0, 0, 0), -- 100400 (Area: 7673) (Auras: 146007 - 146007)
(@CGUID+88, 95769, 1466, 0, 0, 3, 1, '0', 0, 0, 3099.005, 1999.724, 210.8522, 5.369719, 7200, 0, 0, 0, 0, 0, 0, 0, 0), -- 95769 (Area: 7673) (Auras: )
(@CGUID+89, 100529, 1466, 0, 0, 3, 1, '0', 0, 0, 3086.539, 1670.713, 140.6745, 5.218595, 7200, 10, 0, 0, 0, 1, 0, 0, 0), -- 100529 (Area: 7673) (possible waypoints or random movement)
(@CGUID+90, 95772, 1466, 0, 0, 3, 1, '0', 0, 0, 3107.857, 1992.535, 205.1597, 3.665263, 7200, 0, 0, 0, 0, 0, 0, 0, 0), -- 95772 (Area: 7673) (Auras: )
(@CGUID+91, 100400, 1466, 0, 0, 3, 1, '0', 0, 0, 3197.878, 2023.556, 207.069, 6.270687, 7200, 0, 0, 0, 0, 0, 0, 0, 0), -- 100400 (Area: 7673) (Auras: 146007 - 146007)
(@CGUID+92, 100529, 1466, 0, 0, 3, 1, '0', 0, 0, 3080.288, 1678.599, 141.7433, 5.152573, 7200, 10, 0, 0, 0, 1, 0, 0, 0), -- 100529 (Area: 7673) (possible waypoints or random movement)
(@CGUID+93, 103344, 1466, 0, 0, 3, 1, '0', 0, 0, 3021.096, 1744.451, 141.8078, 3.048613, 7200, 0, 0, 0, 0, 0, 0, 0, 0), -- 103344 (Area: 7673) (Auras: 165950 - 165950)
(@CGUID+94, 95771, 1466, 0, 0, 3, 1, '0', 0, 0, 3152.184, 2037.621, 204.6437, 3.73418, 7200, 0, 0, 0, 0, 0, 0, 0, 0), -- 95771 (Area: 7673) (Auras: )
(@CGUID+95, 100529, 1466, 0, 0, 3, 1, '0', 0, 0, 3093, 1674.437, 140.8802, 3.582429, 7200, 10, 0, 0, 0, 1, 0, 0, 0), -- 100529 (Area: 7673) (possible waypoints or random movement)
(@CGUID+96, 101679, 1466, 0, 0, 3, 1, '0', 0, 0, 3149.729, 2044.943, 205.1684, 1.481737, 7200, 0, 0, 0, 0, 0, 0, 0, 0), -- 101679 (Area: 7673)
(@CGUID+97, 101679, 1466, 0, 0, 3, 1, '0', 0, 0, 3108.334, 1998.472, 205.2882, 3.508889, 7200, 0, 0, 0, 0, 0, 0, 0, 0), -- 101679 (Area: 7673) (Auras: 200666 - 200666)
(@CGUID+98, 100532, 1466, 0, 0, 3, 1, '0', 0, 0, 3122.966, 1626.041, 139.4432, 3.141593, 7200, 10, 0, 0, 0, 1, 0, 0, 0), -- 100532 (Area: 7673) (possible waypoints or random movement)
(@CGUID+99, 100533, 1466, 0, 0, 3, 1, '0', 0, 0, 3081.063, 1639.901, 137.7742, 5.47671, 7200, 0, 0, 0, 0, 0, 0, 0, 0), -- 100533 (Area: 7673)
(@CGUID+100, 100533, 1466, 0, 0, 3, 1, '0', 0, 0, 3111.946, 1617.967, 137.6614, 4.883166, 7200, 0, 0, 0, 0, 0, 0, 0, 0), -- 100533 (Area: 7673)
(@CGUID+101, 100532, 1466, 0, 0, 3, 1, '0', 0, 0, 3128.279, 1620.593, 139.5714, 4.963701, 7200, 10, 0, 0, 0, 1, 0, 0, 0), -- 100532 (Area: 7673) (possible waypoints or random movement)
(@CGUID+102, 99354, 1466, 0, 0, 3, 1, '0', 0, 0, 2992.661, 1780.845, 142.1614, 0.8719393, 7200, 0, 0, 0, 0, 0, 0, 0, 0), -- 99354 (Area: 7673) (Auras: 165950 - 165950)
(@CGUID+103, 100533, 1466, 0, 0, 3, 1, '0', 0, 0, 3079.653, 1642.307, 137.7941, 5.47671, 7200, 0, 0, 0, 0, 0, 0, 0, 0), -- 100533 (Area: 7673)
(@CGUID+104, 100533, 1466, 0, 0, 3, 1, '0', 0, 0, 3106.698, 1621.813, 137.5761, 4.883166, 7200, 0, 0, 0, 0, 0, 0, 0, 0), -- 100533 (Area: 7673)
(@CGUID+105, 100532, 1466, 0, 0, 3, 1, '0', 0, 0, 3123.698, 1614.415, 138.6062, 3.157432, 7200, 10, 0, 0, 0, 1, 0, 0, 0), -- 100532 (Area: 7673) (possible waypoints or random movement)
(@CGUID+106, 99356, 1466, 0, 0, 3, 1, '0', 0, 0, 3011.451, 1942.311, 198.412, 4.344318, 7200, 0, 0, 0, 0, 0, 0, 0, 0), -- 99356 (Area: 7673) (Auras: 200760 - 200760)
(@CGUID+107, 95766, 1466, 0, 0, 3, 1, '0', 0, 0, 3146.596, 2052.691, 205.4653, 5.023777, 7200, 0, 0, 0, 0, 0, 0, 0, 0), -- 95766 (Area: 7673) (Auras: )
(@CGUID+108, 100533, 1466, 0, 0, 3, 1, '0', 0, 0, 3079.673, 1637.179, 137.7132, 5.47671, 7200, 0, 0, 0, 0, 0, 0, 0, 0), -- 100533 (Area: 7673)
(@CGUID+109, 100531, 1466, 0, 0, 3, 1, '0', 0, 0, 3098.027, 1614.445, 137.4924, 2.235734, 7200, 10, 0, 0, 0, 1, 0, 0, 0), -- 100531 (Area: 7673) (possible waypoints or random movement)
(@CGUID+110, 100533, 1466, 0, 0, 3, 1, '0', 0, 0, 3110.123, 1620.661, 137.762, 4.883166, 7200, 0, 0, 0, 0, 0, 0, 0, 0), -- 100533 (Area: 7673)
(@CGUID+111, 99356, 1466, 0, 0, 3, 1, '0', 0, 0, 3019.1, 1937.343, 200.7255, 5.168209, 7200, 0, 0, 0, 0, 0, 0, 0, 0), -- 99356 (Area: 7673) (Auras: 200760 - 200760)
(@CGUID+112, 100532, 1466, 0, 0, 3, 1, '0', 0, 0, 3128.568, 1625.716, 139.5325, 0.09797043, 7200, 10, 0, 0, 0, 1, 0, 0, 0), -- 100532 (Area: 7673) (possible waypoints or random movement)
(@CGUID+113, 95766, 1466, 0, 0, 3, 1, '0', 0, 0, 3152.705, 2056.106, 205.5087, 4.567013, 7200, 0, 0, 0, 0, 0, 0, 0, 0), -- 95766 (Area: 7673) (Auras: )
(@CGUID+114, 100533, 1466, 0, 0, 3, 1, '0', 0, 0, 3081.584, 1646.67, 138.0896, 5.47671, 7200, 0, 0, 0, 0, 0, 0, 0, 0), -- 100533 (Area: 7673)
(@CGUID+115, 100533, 1466, 0, 0, 3, 1, '0', 0, 0, 3109.276, 1623.302, 137.9878, 4.883166, 7200, 0, 0, 0, 0, 0, 0, 0, 0), -- 100533 (Area: 7673)
(@CGUID+116, 95769, 1466, 0, 0, 3, 1, '0', 0, 0, 3000.863, 1932.392, 199.4947, 0.3918628, 7200, 0, 0, 0, 0, 0, 0, 0, 0), -- 95769 (Area: 7673) (Auras: )
(@CGUID+117, 101679, 1466, 0, 0, 3, 1, '0', 0, 0, 3155.542, 2048.847, 204.6464, 2.427679, 7200, 0, 0, 0, 0, 0, 0, 0, 0), -- 101679 (Area: 7673)
(@CGUID+118, 100532, 1466, 0, 0, 3, 1, '0', 0, 0, 3121.003, 1619.406, 138.9333, 1.674168, 7200, 10, 0, 0, 0, 1, 0, 0, 0), -- 100532 (Area: 7673) (possible waypoints or random movement)
(@CGUID+119, 100533, 1466, 0, 0, 3, 1, '0', 0, 0, 3082.335, 1643.839, 138.0034, 5.47671, 7200, 0, 0, 0, 0, 0, 0, 0, 0), -- 100533 (Area: 7673)
(@CGUID+120, 100533, 1466, 0, 0, 3, 1, '0', 0, 0, 3114.278, 1619.479, 138.0417, 4.883166, 7200, 0, 0, 0, 0, 0, 0, 0, 0), -- 100533 (Area: 7673)
(@CGUID+121, 101679, 1466, 0, 0, 3, 1, '0', 0, 0, 3007.369, 1934.797, 198.9202, 0.891751, 7200, 0, 0, 0, 0, 0, 0, 0, 0), -- 101679 (Area: 7673) (Auras: )
(@CGUID+122, 100533, 1466, 0, 0, 3, 1, '0', 0, 0, 3121.754, 1587.655, 137.7031, 2.941238, 7200, 0, 0, 0, 0, 0, 0, 0, 0), -- 100533 (Area: 7673)
(@CGUID+123, 100533, 1466, 0, 0, 3, 1, '0', 0, 0, 3088.297, 1591.543, 138.126, 5.732284, 7200, 0, 0, 0, 0, 0, 0, 0, 0), -- 100533 (Area: 7673)
(@CGUID+124, 99365, 1466, 0, 0, 3, 1, '0', 0, 0, 2995.569, 1666.924, 134.8425, 5.58373, 7200, 0, 0, 0, 0, 0, 0, 0, 0), -- 99365 (Area: 7673) (Auras: )
(@CGUID+125, 101991, 1466, 0, 0, 3, 1, '0', 0, 0, 2959.657, 1770.299, 141.7453, 0.6588546, 7200, 0, 0, 0, 0, 0, 0, 0, 0), -- 101991 (Area: 7673) (Auras: )
(@CGUID+126, 100533, 1466, 0, 0, 3, 1, '0', 0, 0, 3078.816, 1613.536, 137.441, 1.460833, 7200, 0, 0, 0, 0, 0, 0, 0, 0), -- 100533 (Area: 7673)
(@CGUID+127, 100533, 1466, 0, 0, 3, 1, '0', 0, 0, 3088.679, 1586.252, 137.587, 5.732284, 7200, 0, 0, 0, 0, 0, 0, 0, 0), -- 100533 (Area: 7673)
(@CGUID+128, 100533, 1466, 0, 0, 3, 1, '0', 0, 0, 3122.154, 1585.217, 137.8455, 2.941238, 7200, 0, 0, 0, 0, 0, 0, 0, 0), -- 100533 (Area: 7673)
(@CGUID+129, 100533, 1466, 0, 0, 3, 1, '0', 0, 0, 3091.898, 1591.854, 138.0612, 5.732284, 7200, 0, 0, 0, 0, 0, 0, 0, 0), -- 100533 (Area: 7673)
(@CGUID+130, 101991, 1466, 0, 0, 3, 1, '0', 0, 0, 2954.903, 1761.815, 141.8179, 0.46986, 7200, 0, 0, 0, 0, 0, 0, 0, 0), -- 101991 (Area: 7673) (Auras: )
(@CGUID+131, 100533, 1466, 0, 0, 3, 1, '0', 0, 0, 3080.054, 1609.766, 137.7371, 1.460833, 7200, 0, 0, 0, 0, 0, 0, 0, 0), -- 100533 (Area: 7673)
(@CGUID+132, 100533, 1466, 0, 0, 3, 1, '0', 0, 0, 3119.935, 1586.495, 137.3857, 2.941238, 7200, 0, 0, 0, 0, 0, 0, 0, 0), -- 100533 (Area: 7673)
(@CGUID+133, 100533, 1466, 0, 0, 3, 1, '0', 0, 0, 3078.398, 1618.901, 137.8078, 1.460833, 7200, 0, 0, 0, 0, 0, 0, 0, 0), -- 100533 (Area: 7673)
(@CGUID+134, 100533, 1466, 0, 0, 3, 1, '0', 0, 0, 3080.835, 1611.892, 137.6528, 1.460833, 7200, 0, 0, 0, 0, 0, 0, 0, 0), -- 100533 (Area: 7673)
(@CGUID+135, 100533, 1466, 0, 0, 3, 1, '0', 0, 0, 3118.155, 1569.417, 137.6526, 4.532831, 7200, 0, 0, 0, 0, 0, 0, 0, 0), -- 100533 (Area: 7673)
(@CGUID+136, 100533, 1466, 0, 0, 3, 1, '0', 0, 0, 3121.532, 1591.474, 137.4616, 2.941238, 7200, 0, 0, 0, 0, 0, 0, 0, 0), -- 100533 (Area: 7673)
(@CGUID+137, 100533, 1466, 0, 0, 3, 1, '0', 0, 0, 3087.503, 1583.724, 137.3343, 5.732284, 7200, 0, 0, 0, 0, 0, 0, 0, 0), -- 100533 (Area: 7673)
(@CGUID+138, 100533, 1466, 0, 0, 3, 1, '0', 0, 0, 3120.2, 1571.163, 137.7969, 4.532831, 7200, 0, 0, 0, 0, 0, 0, 0, 0), -- 100533 (Area: 7673)
(@CGUID+139, 99354, 1466, 0, 0, 3, 1, '0', 0, 0, 2965.596, 1741.247, 142.3241, 0.1739967, 7200, 0, 0, 0, 0, 0, 0, 0, 0), -- 99354 (Area: 7673) (Auras: 165950 - 165950)
(@CGUID+140, 100533, 1466, 0, 0, 3, 1, '0', 0, 0, 3121.832, 1582.323, 137.6193, 2.941238, 7200, 0, 0, 0, 0, 0, 0, 0, 0), -- 100533 (Area: 7673)
(@CGUID+141, 100533, 1466, 0, 0, 3, 1, '0', 0, 0, 3089.77, 1588.875, 137.7726, 5.732284, 7200, 0, 0, 0, 0, 0, 0, 0, 0), -- 100533 (Area: 7673)
(@CGUID+142, 100527, 1466, 0, 0, 3, 1, '0', 0, 0, 3000.289, 1658.665, 133.9886, 2.769115, 7200, 0, 0, 0, 0, 0, 0, 0, 0), -- 100527 (Area: 7673) (Auras: 191262 - 191262)
(@CGUID+143, 100533, 1466, 0, 0, 3, 1, '0', 0, 0, 3120.472, 1567.993, 137.7795, 4.532831, 7200, 0, 0, 0, 0, 0, 0, 0, 0), -- 100533 (Area: 7673)
(@CGUID+144, 100533, 1466, 0, 0, 3, 1, '0', 0, 0, 3080.782, 1615.818, 137.6939, 1.460833, 7200, 0, 0, 0, 0, 0, 0, 0, 0), -- 100533 (Area: 7673)
(@CGUID+145, 100533, 1466, 0, 0, 3, 1, '0', 0, 0, 3083.65, 1574.089, 137.8151, 3.577847, 7200, 0, 0, 0, 0, 0, 0, 0, 0), -- 100533 (Area: 7673)
(@CGUID+146, 100400, 1466, 0, 0, 3, 1, '0', 0, 0, 2964.817, 1954.285, 189.9671, 1.246617, 7200, 0, 0, 0, 0, 0, 0, 0, 0), -- 100400 (Area: 7673)
(@CGUID+147, 100532, 1466, 0, 0, 3, 1, '0', 0, 0, 3112.441, 1562.286, 138.0504, 5.537344, 7200, 10, 0, 0, 0, 1, 0, 0, 0), -- 100532 (Area: 7673) (possible waypoints or random movement)
(@CGUID+148, 100533, 1466, 0, 0, 3, 1, '0', 0, 0, 3117.85, 1566.415, 138.0575, 4.532831, 7200, 0, 0, 0, 0, 0, 0, 0, 0), -- 100533 (Area: 7673)
(@CGUID+149, 99366, 1466, 0, 0, 3, 1, '0', 0, 0, 2994.1, 1656.819, 133.6864, 0.717919, 7200, 0, 0, 0, 0, 0, 0, 0, 0), -- 99366 (Area: 7673) (Auras: )
(@CGUID+150, 100533, 1466, 0, 0, 3, 1, '0', 0, 0, 3087.867, 1574.368, 137.943, 3.577847, 7200, 0, 0, 0, 0, 0, 0, 0, 0), -- 100533 (Area: 7673)
(@CGUID+151, 100400, 1466, 0, 0, 3, 1, '0', 0, 0, 2960.287, 1950.724, 189.8793, 2.627849, 7200, 0, 0, 0, 0, 0, 0, 0, 0), -- 100400 (Area: 7673)
(@CGUID+152, 100400, 1466, 0, 0, 3, 1, '0', 0, 0, 2963.713, 1963.063, 189.7199, 0.06594519, 7200, 0, 0, 0, 0, 0, 0, 0, 0), -- 100400 (Area: 7673)
(@CGUID+153, 95779, 1466, 0, 0, 3, 1, '0', 0, 0, 2954.458, 1966.163, 189.5581, 5.329674, 7200, 0, 0, 0, 0, 0, 0, 0, 0), -- 95779 (Area: 7673) (Auras: )
(@CGUID+154, 100400, 1466, 0, 0, 3, 1, '0', 0, 0, 2959.804, 1963.969, 189.5805, 1.246617, 7200, 0, 0, 0, 0, 0, 0, 0, 0), -- 100400 (Area: 7673)
(@CGUID+155, 100400, 1466, 0, 0, 3, 1, '0', 0, 0, 2961.583, 1966.198, 189.5125, 3.117844, 7200, 0, 0, 0, 0, 0, 0, 0, 0), -- 100400 (Area: 7673)
(@CGUID+156, 100400, 1466, 0, 0, 3, 1, '0', 0, 0, 2968.288, 1962.514, 190.0564, 2.664786, 7200, 0, 0, 0, 0, 0, 0, 0, 0), -- 100400 (Area: 7673)
(@CGUID+157, 100533, 1466, 0, 0, 3, 1, '0', 0, 0, 3085.056, 1576.993, 137.8863, 3.577847, 7200, 0, 0, 0, 0, 0, 0, 0, 0), -- 100533 (Area: 7673)
(@CGUID+158, 101991, 1466, 0, 0, 3, 1, '0', 0, 0, 2937.36, 1753.635, 143.4716, 5.897948, 7200, 0, 0, 0, 0, 0, 0, 0, 0), -- 101991 (Area: 7673) (Auras: )
(@CGUID+159, 100400, 1466, 0, 0, 3, 1, '0', 0, 0, 2963.701, 1959.906, 189.8236, 3.152632, 7200, 0, 0, 0, 0, 0, 0, 0, 0), -- 100400 (Area: 7673)
(@CGUID+160, 100532, 1466, 0, 0, 3, 1, '0', 0, 0, 3096.546, 1570.347, 137.7536, 3.877658, 7200, 10, 0, 0, 0, 1, 0, 0, 0), -- 100532 (Area: 7673) (possible waypoints or random movement)
(@CGUID+161, 100533, 1466, 0, 0, 3, 1, '0', 0, 0, 3115.825, 1564.488, 138.0849, 4.532831, 7200, 0, 0, 0, 0, 0, 0, 0, 0), -- 100533 (Area: 7673)
(@CGUID+162, 100400, 1466, 0, 0, 3, 1, '0', 0, 0, 2958.673, 1960.155, 189.6238, 0.7492282, 7200, 0, 0, 0, 0, 0, 0, 0, 0), -- 100400 (Area: 7673)
(@CGUID+163, 100532, 1466, 0, 0, 3, 1, '0', 0, 0, 3106.226, 1570.501, 137.7394, 0.224952, 7200, 10, 0, 0, 0, 1, 0, 0, 0), -- 100532 (Area: 7673) (possible waypoints or random movement)
(@CGUID+164, 100400, 1466, 0, 0, 3, 1, '0', 0, 0, 2956.052, 1958.212, 189.563, 2.398188, 7200, 0, 0, 0, 0, 0, 0, 0, 0), -- 100400 (Area: 7673)
(@CGUID+165, 95779, 1466, 0, 0, 3, 1, '0', 0, 0, 2956.936, 1954.701, 189.5445, 0.3928786, 7200, 0, 0, 0, 0, 0, 0, 0, 0), -- 95779 (Area: 7673) (Auras: )
(@CGUID+166, 100400, 1466, 0, 0, 3, 1, '0', 0, 0, 2961.611, 1955.545, 189.75, 3.022137, 7200, 0, 0, 0, 0, 0, 0, 0, 0), -- 100400 (Area: 7673) (Auras: 146007 - 146007)
(@CGUID+167, 100532, 1466, 0, 0, 3, 1, '0', 0, 0, 3111.423, 1564.882, 137.8274, 5.350552, 7200, 10, 0, 0, 0, 1, 0, 0, 0), -- 100532 (Area: 7673) (possible waypoints or random movement)
(@CGUID+168, 99365, 1466, 0, 0, 3, 1, '0', 0, 0, 2990.131, 1661.16, 133.7084, 3.448287, 7200, 0, 0, 0, 0, 0, 0, 0, 0), -- 99365 (Area: 7673) (Auras: )
(@CGUID+169, 101991, 1466, 0, 0, 3, 1, '0', 0, 0, 2942.58, 1725.649, 141.8942, 1.322167, 7200, 0, 0, 0, 0, 0, 0, 0, 0), -- 101991 (Area: 7673) (Auras: )
(@CGUID+170, 96512, 1466, 0, 0, 3, 1, '0', 0, 0, 2859.063, 1921.377, 190.6622, 1.377103, 7200, 0, 0, 0, 0, 0, 0, 0, 0), -- 96512 (Area: 7673) (Auras: 197709 - 197709)
(@CGUID+171, 100403, 1466, 0, 0, 3, 1, '0', 0, 0, 2895.06, 1946.438, 189.8097, 4.811821, 7200, 0, 0, 0, 0, 0, 0, 0, 0), -- 100403 (Area: 7673)
(@CGUID+172, 99354, 1466, 0, 0, 3, 1, '0', 0, 0, 2781.417, 1937.51, 184.6099, 4.863475, 7200, 0, 0, 0, 0, 0, 0, 0, 0), -- 99354 (Area: 7673) (Auras: 165950 - 165950)
(@CGUID+173, 100403, 1466, 0, 0, 3, 1, '0', 0, 0, 2881.493, 1967.554, 189.7887, 3.280079, 7200, 0, 0, 0, 0, 0, 0, 0, 0), -- 100403 (Area: 7673)
(@CGUID+174, 95769, 1466, 0, 0, 3, 1, '0', 0, 0, 2701.935, 1823.37, 198.0509, 4.561174, 7200, 0, 0, 0, 0, 0, 0, 0, 0), -- 95769 (Area: 7673)
(@CGUID+175, 100403, 1466, 0, 0, 3, 1, '0', 0, 0, 2882.958, 1952.354, 190.0834, 4.509956, 7200, 0, 0, 0, 0, 0, 0, 0, 0), -- 100403 (Area: 7673)
(@CGUID+176, 95769, 1466, 0, 0, 3, 1, '0', 0, 0, 2781.8, 1824.932, 188.6772, 2.955608, 7200, 0, 0, 0, 0, 0, 0, 0, 0), -- 95769 (Area: 7673) (Auras: )
(@CGUID+177, 101991, 1466, 0, 0, 3, 1, '0', 0, 0, 2931.62, 1731.199, 141.6705, 0.005321051, 7200, 0, 0, 0, 0, 0, 0, 0, 0), -- 101991 (Area: 7673) (Auras: )
(@CGUID+178, 100403, 1466, 0, 0, 3, 1, '0', 0, 0, 2914.628, 1968.67, 189.7902, 5.975735, 7200, 0, 0, 0, 0, 0, 0, 0, 0), -- 100403 (Area: 7673)
(@CGUID+179, 100403, 1466, 0, 0, 3, 1, '0', 0, 0, 2908.128, 1982.531, 190.1481, 0.4744453, 7200, 0, 0, 0, 0, 0, 0, 0, 0), -- 100403 (Area: 7673)
(@CGUID+180, 99354, 1466, 0, 0, 3, 1, '0', 0, 0, 2703.431, 1800.293, 185.4782, 0.7853982, 7200, 0, 0, 0, 0, 0, 0, 0, 0), -- 99354 (Area: 7673)
(@CGUID+181, 100529, 1466, 0, 0, 3, 1, '0', 0, 0, 3061.071, 1560.591, 138.8031, 1.539557, 7200, 10, 0, 0, 0, 1, 0, 0, 0), -- 100529 (Area: 7673) (possible waypoints or random movement)
(@CGUID+182, 100529, 1466, 0, 0, 3, 1, '0', 0, 0, 3072.219, 1566.014, 138.571, 4.552817, 7200, 10, 0, 0, 0, 1, 0, 0, 0), -- 100529 (Area: 7673) (possible waypoints or random movement)
(@CGUID+183, 100529, 1466, 0, 0, 3, 1, '0', 0, 0, 3076.528, 1554.689, 137.8555, 4.592426, 7200, 10, 0, 0, 0, 1, 0, 0, 0), -- 100529 (Area: 7673) (possible waypoints or random movement)
(@CGUID+184, 100533, 1466, 0, 0, 3, 1, '0', 0, 0, 3102.037, 1553.12, 138.1769, 6.052779, 7200, 0, 0, 0, 0, 0, 0, 0, 0), -- 100533 (Area: 7673)
(@CGUID+185, 100533, 1466, 0, 0, 3, 1, '0', 0, 0, 3102.874, 1549.629, 138.0002, 6.052779, 7200, 0, 0, 0, 0, 0, 0, 0, 0), -- 100533 (Area: 7673)
(@CGUID+186, 100400, 1466, 0, 0, 3, 1, '0', 0, 0, 2951.719, 1961.016, 189.6053, 3.929565, 7200, 0, 0, 0, 0, 0, 0, 0, 0), -- 100400 (Area: 7673)
(@CGUID+187, 100533, 1466, 0, 0, 3, 1, '0', 0, 0, 3086.248, 1572.066, 137.8117, 3.577847, 7200, 0, 0, 0, 0, 0, 0, 0, 0), -- 100533 (Area: 7673)
(@CGUID+188, 100529, 1466, 0, 0, 3, 1, '0', 0, 0, 3073.689, 1568.814, 138.4736, 3.417773, 7200, 10, 0, 0, 0, 1, 0, 0, 0), -- 100529 (Area: 7673) (possible waypoints or random movement)
(@CGUID+189, 100533, 1466, 0, 0, 3, 1, '0', 0, 0, 3099.243, 1550.396, 137.8046, 6.052779, 7200, 0, 0, 0, 0, 0, 0, 0, 0), -- 100533 (Area: 7673)
(@CGUID+190, 100533, 1466, 0, 0, 3, 1, '0', 0, 0, 3082.674, 1571.063, 137.7378, 3.577847, 7200, 0, 0, 0, 0, 0, 0, 0, 0), -- 100533 (Area: 7673)
(@CGUID+191, 100532, 1466, 0, 0, 3, 1, '0', 0, 0, 3104.773, 1563.829, 137.7844, 5.995942, 7200, 10, 0, 0, 0, 1, 0, 0, 0), -- 100532 (Area: 7673) (possible waypoints or random movement)
(@CGUID+192, 100529, 1466, 0, 0, 3, 1, '0', 0, 0, 3073.438, 1562.048, 138.2417, 4.278535, 7200, 10, 0, 0, 0, 1, 0, 0, 0), -- 100529 (Area: 7673) (possible waypoints or random movement)
(@CGUID+193, 100529, 1466, 0, 0, 3, 1, '0', 0, 0, 3078.729, 1566, 138.196, 3.757235, 7200, 10, 0, 0, 0, 1, 0, 0, 0), -- 100529 (Area: 7673) (possible waypoints or random movement)
(@CGUID+194, 100533, 1466, 0, 0, 3, 1, '0', 0, 0, 3100.422, 1556.243, 137.9711, 6.052779, 7200, 0, 0, 0, 0, 0, 0, 0, 0), -- 100533 (Area: 7673)
(@CGUID+195, 100529, 1466, 0, 0, 3, 1, '0', 0, 0, 3069.771, 1558.112, 137.9651, 4.964603, 7200, 10, 0, 0, 0, 1, 0, 0, 0), -- 100529 (Area: 7673) (possible waypoints or random movement)
(@CGUID+196, 99360, 1466, 0, 0, 3, 1, '0', 0, 0, 2905.409, 1766.842, 150.6138, 5.782354, 7200, 10, 0, 0, 0, 1, 0, 0, 0), -- 99360 (Area: 7673) (Auras: ) (possible waypoints or random movement)
(@CGUID+197, 100533, 1466, 0, 0, 3, 1, '0', 0, 0, 3104.173, 1559.09, 138.134, 6.052779, 7200, 0, 0, 0, 0, 0, 0, 0, 0), -- 100533 (Area: 7673)
(@CGUID+198, 100404, 1466, 0, 0, 3, 1, '0', 0, 0, 2929.164, 1962.137, 189.7683, 1.247608, 7200, 0, 0, 0, 0, 0, 0, 0, 0), -- 100404 (Area: 7673) (Auras: )
(@CGUID+199, 100529, 1466, 0, 0, 3, 1, '0', 0, 0, 3068.046, 1560.893, 138.3158, 2.255342, 7200, 10, 0, 0, 0, 1, 0, 0, 0), -- 100529 (Area: 7673) (possible waypoints or random movement)
(@CGUID+200, 101857, 1466, 0, 0, 3, 1, '0', 0, 0, 2909.358, 1763.541, 149.7228, 0, 7200, 10, 0, 0, 0, 1, 0, 0, 0), -- 101857 (Area: 7673) (Auras: ) (possible waypoints or random movement)
(@CGUID+201, 99360, 1466, 0, 0, 3, 1, '0', 0, 0, 2902.003, 1761.288, 151.7267, 0.04200851, 7200, 10, 0, 0, 0, 1, 0, 0, 0), -- 99360 (Area: 7673) (Auras: ) (possible waypoints or random movement)
(@CGUID+202, 99200, 1466, 0, 0, 3, 1, '0', 0, 0, 3009.663, 1481.958, 142.602, 1.071526, 7200, 0, 0, 0, 0, 0, 0, 0, 0), -- 99200 (Area: 7673)
(@CGUID+203, 100404, 1466, 0, 0, 3, 1, '0', 0, 0, 2896.953, 1934.774, 190.3314, 2.906877, 7200, 0, 0, 0, 0, 0, 0, 0, 0), -- 100404 (Area: 7673) (Auras: )
(@CGUID+204, 100404, 1466, 0, 0, 3, 1, '0', 0, 0, 2923.408, 1986.602, 189.756, 2.223446, 7200, 0, 0, 0, 0, 0, 0, 0, 0), -- 100404 (Area: 7673)
(@CGUID+205, 102851, 1466, 0, 0, 3, 1, '0', 0, 0, 2896.708, 1967.349, 189.1411, 0, 7200, 0, 0, 0, 0, 0, 0, 0, 0), -- 102851 (Area: 7673)
(@CGUID+206, 100404, 1466, 0, 0, 3, 1, '0', 0, 0, 2880.873, 1938.752, 189.9867, 2.628406, 7200, 10, 0, 0, 0, 1, 0, 0, 0), -- 100404 (Area: 7673) (possible waypoints or random movement)
(@CGUID+207, 100404, 1466, 0, 0, 3, 1, '0', 0, 0, 2864.082, 1971.508, 190.274, 1.516106, 7200, 10, 0, 0, 0, 1, 0, 0, 0), -- 100404 (Area: 8100) (Auras: ) (possible waypoints or random movement)
(@CGUID+208, 95772, 1466, 0, 0, 3, 1, '0', 0, 0, 2722.898, 1849.908, 186.8066, 6.031708, 7200, 0, 0, 0, 0, 0, 0, 0, 0), -- 95772 (Area: 8100)
(@CGUID+209, 95772, 1466, 0, 0, 3, 1, '0', 0, 0, 2772.753, 1820.96, 185.6971, 2.333007, 7200, 0, 0, 0, 0, 0, 0, 0, 0), -- 95772 (Area: 8100) (Auras: )
(@CGUID+210, 99356, 1466, 0, 0, 3, 1, '0', 0, 0, 2761.814, 1908.369, 185.1593, 1.236148, 7200, 0, 0, 0, 0, 0, 0, 0, 0), -- 99356 (Area: 8100)
(@CGUID+211, 99360, 1466, 0, 0, 3, 1, '0', 0, 0, 2761.184, 1889.527, 185.7175, 3.239613, 7200, 0, 0, 0, 0, 0, 0, 0, 0), -- 99360 (Area: 8100) (Auras: 200760 - 200760)
(@CGUID+212, 99360, 1466, 0, 0, 3, 1, '0', 0, 0, 2742.45, 1879.26, 185.3409, 1.461453, 7200, 0, 0, 0, 0, 0, 0, 0, 0), -- 99360 (Area: 8100) (Auras: )
(@CGUID+213, 99360, 1466, 0, 0, 3, 1, '0', 0, 0, 2749.405, 1877.979, 185.3409, 1.457031, 7200, 0, 0, 0, 0, 0, 0, 0, 0), -- 99360 (Area: 8100) (Auras: )
(@CGUID+214, 101679, 1466, 0, 0, 3, 1, '0', 0, 0, 2712.707, 1850.84, 186.869, 5.43463, 7200, 0, 0, 0, 0, 0, 0, 0, 0), -- 101679 (Area: 8100)
(@CGUID+215, 101679, 1466, 0, 0, 3, 1, '0', 0, 0, 2771.247, 1817.757, 186.0582, 1.804166, 7200, 0, 0, 0, 0, 0, 0, 0, 0), -- 101679 (Area: 8100) (Auras: 200666 - 200666)
(@CGUID+216, 99360, 1466, 0, 0, 3, 1, '0', 0, 0, 2734.966, 1806.166, 185.6829, 1.424014, 7200, 10, 0, 0, 0, 1, 0, 0, 0), -- 99360 (Area: 8100) (possible waypoints or random movement)
(@CGUID+217, 101679, 1466, 0, 0, 3, 1, '0', 0, 0, 2714.356, 1848.483, 186.869, 2.489719, 7200, 0, 0, 0, 0, 0, 0, 0, 0), -- 101679 (Area: 8100)
(@CGUID+218, 101857, 1466, 0, 0, 3, 1, '0', 0, 0, 2746.906, 1882.959, 185.5083, 1.069817, 7200, 0, 0, 0, 0, 0, 0, 0, 0), -- 101857 (Area: 8100) (Auras: )
(@CGUID+219, 101679, 1466, 0, 0, 3, 1, '0', 0, 0, 2778.498, 1825.262, 185.6277, 3.279729, 7200, 0, 0, 0, 0, 0, 0, 0, 0), -- 101679 (Area: 8100) (Auras: 200666 - 200666)
(@CGUID+220, 99356, 1466, 0, 0, 3, 1, '0', 0, 0, 2760.217, 1896.076, 185.5044, 2.012355, 7200, 0, 0, 0, 0, 0, 0, 0, 0), -- 99356 (Area: 8100) (Auras: 200760 - 200760)
(@CGUID+221, 99360, 1466, 0, 0, 3, 1, '0', 0, 0, 2769.262, 1901.082, 185.754, 4.058334, 7200, 0, 0, 0, 0, 0, 0, 0, 0), -- 99360 (Area: 8100)
(@CGUID+222, 99356, 1466, 0, 0, 3, 1, '0', 0, 0, 2735.014, 1810.791, 185.2444, 2.436553, 7200, 10, 0, 0, 0, 1, 0, 0, 0), -- 99356 (Area: 8100) (Auras: 200760 - 200760) (possible waypoints or random movement)
(@CGUID+223, 101679, 1466, 0, 0, 3, 1, '0', 0, 0, 2722.615, 1846.915, 186.8105, 0.006638728, 7200, 0, 0, 0, 0, 0, 0, 0, 0), -- 101679 (Area: 8100)
(@CGUID+224, 101679, 1466, 0, 0, 3, 1, '0', 0, 0, 2704.323, 1825.828, 195.9551, 5.154982, 7200, 0, 0, 0, 0, 0, 0, 0, 0), -- 101679 (Area: 8100)
(@CGUID+225, 101679, 1466, 0, 0, 3, 1, '0', 0, 0, 2699.863, 1826.123, 195.9466, 4.443801, 7200, 0, 0, 0, 0, 0, 0, 0, 0), -- 101679 (Area: 8100)
(@CGUID+226, 100526, 1466, 0, 0, 3, 1, '0', 0, 0, 2948.607, 1635.114, 116.182, 1.358359, 7200, 10, 0, 0, 0, 1, 0, 0, 0), -- 100526 (Area: 8100) (Auras: ) (possible waypoints or random movement)
(@CGUID+227, 99356, 1466, 0, 0, 3, 1, '0', 0, 0, 2726.45, 1800.901, 185.2941, 6.168053, 7200, 10, 0, 0, 0, 1, 0, 0, 0), -- 99356 (Area: 8100) (possible waypoints or random movement)
(@CGUID+228, 99360, 1466, 0, 0, 3, 1, '0', 0, 0, 2718.299, 1799.323, 185.6496, 4.668443, 7200, 10, 0, 0, 0, 1, 0, 0, 0), -- 99360 (Area: 8100) (Auras: 200760 - 200760) (possible waypoints or random movement)
(@CGUID+229, 100526, 1466, 0, 0, 3, 1, '0', 0, 0, 2959.383, 1619.058, 113.2384, 4.358336, 7200, 0, 0, 0, 0, 0, 0, 0, 0), -- 100526 (Area: 0) (Auras: )
(@CGUID+230, 100527, 1466, 0, 0, 3, 1, '0', 0, 0, 2893.716, 1595.42, 99.4417, 3.453599, 7200, 10, 0, 0, 0, 1, 0, 0, 0), -- 100527 (Area: 0) (Auras: ) (possible waypoints or random movement)
(@CGUID+231, 100526, 1466, 0, 0, 3, 1, '0', 0, 0, 2946.702, 1622.017, 113.8949, 6.125943, 7200, 0, 0, 0, 0, 0, 0, 0, 0), -- 100526 (Area: 0) (Auras: )
(@CGUID+232, 100527, 1466, 0, 0, 3, 1, '0', 0, 0, 2895.906, 1588.701, 99.05387, 3.455362, 7200, 10, 0, 0, 0, 1, 0, 0, 0), -- 100527 (Area: 0) (Auras: ) (possible waypoints or random movement)
(@CGUID+233, 100526, 1466, 0, 0, 3, 1, '0', 0, 0, 2943.926, 1626.308, 114.0331, 0.2721477, 7200, 0, 0, 0, 0, 0, 0, 0, 0), -- 100526 (Area: 0) (Auras: )
(@CGUID+234, 99366, 1466, 0, 0, 3, 1, '0', 0, 0, 2891.271, 1590.897, 99.17363, 3.466169, 7200, 0, 0, 0, 0, 0, 0, 0, 0), -- 99366 (Area: 0) (Auras: )
(@CGUID+235, 101072, 1466, 0, 0, 3, 1, '0', 0, 0, 2986.19, 1528.292, 137.8887, 2.629639, 7200, 0, 0, 0, 0, 0, 0, 0, 0), -- 101072 (Area: 0)
(@CGUID+236, 100526, 1466, 0, 0, 3, 1, '0', 0, 0, 2997.462, 1559.411, 65.06921, 2.859928, 7200, 10, 0, 0, 0, 1, 0, 0, 0), -- 100526 (Area: 0) (possible waypoints or random movement)
(@CGUID+237, 99365, 1466, 0, 0, 3, 1, '0', 0, 0, 2997.462, 1559.411, 65.06921, 0.4787236, 7200, 10, 0, 0, 0, 1, 0, 0, 0), -- 99365 (Area: 0) (possible waypoints or random movement)
(@CGUID+238, 101072, 1466, 0, 0, 3, 1, '0', 0, 0, 2988.224, 1531.609, 138.0866, 1.602672, 7200, 0, 0, 0, 0, 0, 0, 0, 0), -- 101072 (Area: 0)
(@CGUID+239, 100539, 1466, 0, 0, 3, 1, '0', 0, 0, 2994.595, 1567.063, 67.05688, 1.929345, 7200, 0, 0, 0, 0, 0, 0, 0, 0), -- 100539 (Area: 0)
(@CGUID+240, 101072, 1466, 0, 0, 3, 1, '0', 0, 0, 2991.253, 1529.321, 138.0652, 1.602672, 7200, 0, 0, 0, 0, 0, 0, 0, 0), -- 101072 (Area: 0)
(@CGUID+241, 101072, 1466, 0, 0, 3, 1, '0', 0, 0, 2996.09, 1528.993, 138.102, 1.602672, 7200, 0, 0, 0, 0, 0, 0, 0, 0), -- 101072 (Area: 0)
(@CGUID+242, 101072, 1466, 0, 0, 3, 1, '0', 0, 0, 2984.996, 1514.804, 138.102, 4.964592, 7200, 0, 0, 0, 0, 0, 0, 0, 0), -- 101072 (Area: 0)
(@CGUID+243, 101072, 1466, 0, 0, 3, 1, '0', 0, 0, 2981.6, 1523.896, 138.1313, 2.629639, 7200, 0, 0, 0, 0, 0, 0, 0, 0), -- 101072 (Area: 0)
(@CGUID+244, 101072, 1466, 0, 0, 3, 1, '0', 0, 0, 3009.333, 1530.504, 138.102, 2.548722, 7200, 0, 0, 0, 0, 0, 0, 0, 0), -- 101072 (Area: 0)
(@CGUID+245, 101072, 1466, 0, 0, 3, 1, '0', 0, 0, 2993.68, 1527.087, 138.102, 1.602672, 7200, 0, 0, 0, 0, 0, 0, 0, 0), -- 101072 (Area: 0)
(@CGUID+246, 101072, 1466, 0, 0, 3, 1, '0', 0, 0, 3004.897, 1533.194, 138.102, 2.548722, 7200, 0, 0, 0, 0, 0, 0, 0, 0), -- 101072 (Area: 0)
(@CGUID+247, 101072, 1466, 0, 0, 3, 1, '0', 0, 0, 3031.244, 1540.568, 138.102, 2.629639, 7200, 0, 0, 0, 0, 0, 0, 0, 0), -- 101072 (Area: 0)
(@CGUID+248, 101072, 1466, 0, 0, 3, 1, '0', 0, 0, 2986.049, 1509.163, 138.102, 4.964592, 7200, 0, 0, 0, 0, 0, 0, 0, 0), -- 101072 (Area: 0)
(@CGUID+249, 101072, 1466, 0, 0, 3, 1, '0', 0, 0, 2980.212, 1520.922, 138.102, 2.629639, 7200, 0, 0, 0, 0, 0, 0, 0, 0), -- 101072 (Area: 0)
(@CGUID+250, 101072, 1466, 0, 0, 3, 1, '0', 0, 0, 3012.484, 1526.563, 138.102, 2.548722, 7200, 0, 0, 0, 0, 0, 0, 0, 0), -- 101072 (Area: 0)
(@CGUID+251, 101072, 1466, 0, 0, 3, 1, '0', 0, 0, 2999.534, 1528.917, 138.102, 1.602672, 7200, 0, 0, 0, 0, 0, 0, 0, 0), -- 101072 (Area: 0)
(@CGUID+252, 101072, 1466, 0, 0, 3, 1, '0', 0, 0, 3029.891, 1536.823, 138.102, 2.629639, 7200, 0, 0, 0, 0, 0, 0, 0, 0), -- 101072 (Area: 0)
(@CGUID+253, 101072, 1466, 0, 0, 3, 1, '0', 0, 0, 3018.696, 1529.115, 138.102, 2.629639, 7200, 0, 0, 0, 0, 0, 0, 0, 0), -- 101072 (Area: 0)
(@CGUID+254, 101072, 1466, 0, 0, 3, 1, '0', 0, 0, 3005.265, 1530.215, 138.102, 2.548722, 7200, 0, 0, 0, 0, 0, 0, 0, 0), -- 101072 (Area: 0)
(@CGUID+255, 101072, 1466, 0, 0, 3, 1, '0', 0, 0, 2984.714, 1525.655, 138.102, 2.629639, 7200, 0, 0, 0, 0, 0, 0, 0, 0), -- 101072 (Area: 0)
(@CGUID+256, 101072, 1466, 0, 0, 3, 1, '0', 0, 0, 3016.73, 1526.851, 138.102, 2.629639, 7200, 0, 0, 0, 0, 0, 0, 0, 0), -- 101072 (Area: 0)
(@CGUID+257, 101072, 1466, 0, 0, 3, 1, '0', 0, 0, 3001.118, 1532.785, 138.102, 2.548722, 7200, 0, 0, 0, 0, 0, 0, 0, 0), -- 101072 (Area: 0)
(@CGUID+258, 101072, 1466, 0, 0, 3, 1, '0', 0, 0, 2982.659, 1512.014, 138.102, 4.964592, 7200, 0, 0, 0, 0, 0, 0, 0, 0), -- 101072 (Area: 0)
(@CGUID+259, 101072, 1466, 0, 0, 3, 1, '0', 0, 0, 2984.885, 1521.259, 138.102, 2.629639, 7200, 0, 0, 0, 0, 0, 0, 0, 0), -- 101072 (Area: 0)
(@CGUID+260, 101072, 1466, 0, 0, 3, 1, '0', 0, 0, 3034.901, 1539.714, 138.102, 2.629639, 7200, 0, 0, 0, 0, 0, 0, 0, 0), -- 101072 (Area: 0)
(@CGUID+261, 101072, 1466, 0, 0, 3, 1, '0', 0, 0, 2984.133, 1518.385, 138.102, 4.964592, 7200, 0, 0, 0, 0, 0, 0, 0, 0), -- 101072 (Area: 0)
(@CGUID+262, 101072, 1466, 0, 0, 3, 1, '0', 0, 0, 3022.457, 1528.156, 138.102, 2.629639, 7200, 0, 0, 0, 0, 0, 0, 0, 0), -- 101072 (Area: 0)
(@CGUID+263, 100533, 1466, 0, 0, 3, 1, '0', 0, 0, 3063.915, 1553.771, 137.6422, 3.577847, 7200, 0, 0, 0, 0, 0, 0, 0, 0), -- 100533 (Area: 0)
(@CGUID+264, 101072, 1466, 0, 0, 3, 1, '0', 0, 0, 3029.654, 1532.698, 138.102, 2.629639, 7200, 0, 0, 0, 0, 0, 0, 0, 0), -- 101072 (Area: 0)
(@CGUID+265, 101072, 1466, 0, 0, 3, 1, '0', 0, 0, 3026.883, 1529.724, 138.102, 2.629639, 7200, 0, 0, 0, 0, 0, 0, 0, 0), -- 101072 (Area: 0)
(@CGUID+266, 101072, 1466, 0, 0, 3, 1, '0', 0, 0, 3038.977, 1534.481, 138.1217, 2.629639, 7200, 0, 0, 0, 0, 0, 0, 0, 0), -- 101072 (Area: 0)
(@CGUID+267, 100533, 1466, 0, 0, 3, 1, '0', 0, 0, 3060.015, 1551.804, 137.6916, 3.577847, 7200, 0, 0, 0, 0, 0, 0, 0, 0), -- 100533 (Area: 0)
(@CGUID+268, 101072, 1466, 0, 0, 3, 1, '0', 0, 0, 2985.231, 1501.651, 138.1699, 2.001165, 7200, 0, 0, 0, 0, 0, 0, 0, 0), -- 101072 (Area: 0)
(@CGUID+269, 101072, 1466, 0, 0, 3, 1, '0', 0, 0, 2984.341, 1506.132, 138.1781, 4.964592, 7200, 0, 0, 0, 0, 0, 0, 0, 0), -- 101072 (Area: 0)
(@CGUID+270, 101072, 1466, 0, 0, 3, 1, '0', 0, 0, 3020.211, 1525.651, 138.102, 2.629639, 7200, 0, 0, 0, 0, 0, 0, 0, 0), -- 101072 (Area: 0)
(@CGUID+271, 101072, 1466, 0, 0, 3, 1, '0', 0, 0, 3037.957, 1537.609, 138.1802, 2.629639, 7200, 0, 0, 0, 0, 0, 0, 0, 0), -- 101072 (Area: 0)
(@CGUID+272, 101072, 1466, 0, 0, 3, 1, '0', 0, 0, 3033.514, 1536.835, 138.102, 2.629639, 7200, 0, 0, 0, 0, 0, 0, 0, 0), -- 101072 (Area: 0)
(@CGUID+273, 101072, 1466, 0, 0, 3, 1, '0', 0, 0, 3042.175, 1532.161, 138.1073, 2.629639, 7200, 0, 0, 0, 0, 0, 0, 0, 0), -- 101072 (Area: 0)
(@CGUID+274, 100533, 1466, 0, 0, 3, 1, '0', 0, 0, 3058.168, 1548.222, 137.7443, 3.577847, 7200, 0, 0, 0, 0, 0, 0, 0, 0), -- 100533 (Area: 0)
(@CGUID+275, 101072, 1466, 0, 0, 3, 1, '0', 0, 0, 3043.129, 1535.661, 138.2249, 2.629639, 7200, 0, 0, 0, 0, 0, 0, 0, 0), -- 101072 (Area: 0)
(@CGUID+276, 101072, 1466, 0, 0, 3, 1, '0', 0, 0, 2989.568, 1502.571, 138.102, 2.001165, 7200, 0, 0, 0, 0, 0, 0, 0, 0), -- 101072 (Area: 0)
(@CGUID+277, 100533, 1466, 0, 0, 3, 1, '0', 0, 0, 3062.339, 1549.658, 137.4552, 3.577847, 7200, 0, 0, 0, 0, 0, 0, 0, 0), -- 100533 (Area: 0)
(@CGUID+278, 101072, 1466, 0, 0, 3, 1, '0', 0, 0, 3049.099, 1529.283, 138.1079, 1.652507, 7200, 0, 0, 0, 0, 0, 0, 0, 0), -- 101072 (Area: 0)
(@CGUID+279, 101072, 1466, 0, 0, 3, 1, '0', 0, 0, 2988.195, 1498.752, 138.102, 2.001165, 7200, 0, 0, 0, 0, 0, 0, 0, 0), -- 101072 (Area: 0)
(@CGUID+280, 100533, 1466, 0, 0, 3, 1, '0', 0, 0, 3065.571, 1550.729, 137.4438, 3.577847, 7200, 0, 0, 0, 0, 0, 0, 0, 0), -- 100533 (Area: 0)
(@CGUID+281, 101072, 1466, 0, 0, 3, 1, '0', 0, 0, 3047.034, 1533.863, 138.217, 2.629639, 7200, 0, 0, 0, 0, 0, 0, 0, 0), -- 101072 (Area: 0)
(@CGUID+282, 101072, 1466, 0, 0, 3, 1, '0', 0, 0, 3047.051, 1531.014, 138.1297, 1.652507, 7200, 0, 0, 0, 0, 0, 0, 0, 0), -- 101072 (Area: 0)
(@CGUID+283, 101072, 1466, 0, 0, 3, 1, '0', 0, 0, 2991.707, 1497.252, 138.102, 2.001165, 7200, 0, 0, 0, 0, 0, 0, 0, 0), -- 101072 (Area: 0)
(@CGUID+284, 101072, 1466, 0, 0, 3, 1, '0', 0, 0, 3049.76, 1531.299, 138.1535, 1.652507, 7200, 0, 0, 0, 0, 0, 0, 0, 0), -- 101072 (Area: 0)
(@CGUID+285, 101072, 1466, 0, 0, 3, 1, '0', 0, 0, 2989.174, 1495.122, 138.102, 2.001165, 7200, 0, 0, 0, 0, 0, 0, 0, 0), -- 101072 (Area: 0)
(@CGUID+286, 101072, 1466, 0, 0, 3, 1, '0', 0, 0, 3051.66, 1528.276, 138.1024, 1.652507, 7200, 0, 0, 0, 0, 0, 0, 0, 0), -- 101072 (Area: 0)
(@CGUID+287, 101072, 1466, 0, 0, 3, 1, '0', 0, 0, 3047.746, 1527.09, 138.1021, 1.652507, 7200, 0, 0, 0, 0, 0, 0, 0, 0), -- 101072 (Area: 0)
(@CGUID+288, 101072, 1466, 0, 0, 3, 1, '0', 0, 0, 3057.918, 1517.012, 138.137, 4.507905, 7200, 0, 0, 0, 0, 0, 0, 0, 0), -- 101072 (Area: 0)
(@CGUID+289, 100533, 1466, 0, 0, 3, 1, '0', 0, 0, 3076.497, 1530.752, 137.8589, 3.421127, 7200, 0, 0, 0, 0, 0, 0, 0, 0), -- 100533 (Area: 0)
(@CGUID+290, 101072, 1466, 0, 0, 3, 1, '0', 0, 0, 2995.032, 1492.726, 138.102, 1.075787, 7200, 0, 0, 0, 0, 0, 0, 0, 0), -- 101072 (Area: 0)
(@CGUID+291, 100533, 1466, 0, 0, 3, 1, '0', 0, 0, 3079.293, 1529.602, 138.123, 3.421127, 7200, 0, 0, 0, 0, 0, 0, 0, 0), -- 100533 (Area: 0)
(@CGUID+292, 101072, 1466, 0, 0, 3, 1, '0', 0, 0, 2997.055, 1485.563, 138.102, 1.075787, 7200, 0, 0, 0, 0, 0, 0, 0, 0), -- 101072 (Area: 0)
(@CGUID+293, 101072, 1466, 0, 0, 3, 1, '0', 0, 0, 3056.988, 1520.149, 138.1005, 4.507905, 7200, 0, 0, 0, 0, 0, 0, 0, 0), -- 101072 (Area: 0)
(@CGUID+294, 101072, 1466, 0, 0, 3, 1, '0', 0, 0, 2992.273, 1483.807, 138.102, 1.075787, 7200, 0, 0, 0, 0, 0, 0, 0, 0), -- 101072 (Area: 0)
(@CGUID+295, 100533, 1466, 0, 0, 3, 1, '0', 0, 0, 3076.888, 1527.425, 137.952, 3.421127, 7200, 0, 0, 0, 0, 0, 0, 0, 0), -- 100533 (Area: 0)
(@CGUID+296, 101072, 1466, 0, 0, 3, 1, '0', 0, 0, 2994.49, 1488.398, 138.1096, 1.075787, 7200, 0, 0, 0, 0, 0, 0, 0, 0), -- 101072 (Area: 0)
(@CGUID+297, 101072, 1466, 0, 0, 3, 1, '0', 0, 0, 3059.892, 1518.932, 138.1576, 4.507905, 7200, 0, 0, 0, 0, 0, 0, 0, 0), -- 101072 (Area: 0)
(@CGUID+298, 101072, 1466, 0, 0, 3, 1, '0', 0, 0, 3057.974, 1523.481, 138.0776, 4.507905, 7200, 0, 0, 0, 0, 0, 0, 0, 0), -- 101072 (Area: 0)
(@CGUID+299, 101072, 1466, 0, 0, 3, 1, '0', 0, 0, 2991.039, 1490.646, 138.2207, 1.075787, 7200, 0, 0, 0, 0, 0, 0, 0, 0), -- 101072 (Area: 0)
(@CGUID+300, 100533, 1466, 0, 0, 3, 1, '0', 0, 0, 3084.459, 1531.693, 138.129, 3.421127, 7200, 0, 0, 0, 0, 0, 0, 0, 0), -- 100533 (Area: 0)
(@CGUID+301, 101072, 1466, 0, 0, 3, 1, '0', 0, 0, 3060.49, 1515.255, 138.2339, 4.507905, 7200, 0, 0, 0, 0, 0, 0, 0, 0), -- 101072 (Area: 0)
(@CGUID+302, 101072, 1466, 0, 0, 3, 1, '0', 0, 0, 3043.589, 1491.059, 138.102, 3.371537, 7200, 0, 0, 0, 0, 0, 0, 0, 0), -- 101072 (Area: 0)
(@CGUID+303, 101072, 1466, 0, 0, 3, 1, '0', 0, 0, 3059.695, 1503.441, 138.102, 3.792139, 7200, 0, 0, 0, 0, 0, 0, 0, 0), -- 101072 (Area: 0)
(@CGUID+304, 101072, 1466, 0, 0, 3, 1, '0', 0, 0, 2994.838, 1480.47, 138.102, 2.206719, 7200, 0, 0, 0, 0, 0, 0, 0, 0), -- 101072 (Area: 0)
(@CGUID+305, 100533, 1466, 0, 0, 3, 1, '0', 0, 0, 3083.084, 1528.813, 137.8518, 3.421127, 7200, 0, 0, 0, 0, 0, 0, 0, 0), -- 100533 (Area: 0)
(@CGUID+306, 100533, 1466, 0, 0, 3, 1, '0', 0, 0, 3097.214, 1532.889, 137.5106, 1.938496, 7200, 0, 0, 0, 0, 0, 0, 0, 0), -- 100533 (Area: 0)
(@CGUID+307, 101072, 1466, 0, 0, 3, 1, '0', 0, 0, 3058.504, 1501.042, 138.102, 3.792139, 7200, 0, 0, 0, 0, 0, 0, 0, 0), -- 101072 (Area: 0)
(@CGUID+308, 101072, 1466, 0, 0, 3, 1, '0', 0, 0, 2999.732, 1478.849, 138.102, 2.206719, 7200, 0, 0, 0, 0, 0, 0, 0, 0), -- 101072 (Area: 0)
(@CGUID+309, 101072, 1466, 0, 0, 3, 1, '0', 0, 0, 3009.072, 1480.49, 138.102, 2.629639, 7200, 0, 0, 0, 0, 0, 0, 0, 0), -- 101072 (Area: 0)
(@CGUID+310, 101072, 1466, 0, 0, 3, 1, '0', 0, 0, 3049.981, 1495.71, 138.102, 1.806231, 7200, 0, 0, 0, 0, 0, 0, 0, 0), -- 101072 (Area: 0)
(@CGUID+311, 100533, 1466, 0, 0, 3, 1, '0', 0, 0, 3092.681, 1529.589, 137.5608, 1.938496, 7200, 0, 0, 0, 0, 0, 0, 0, 0), -- 100533 (Area: 0)
(@CGUID+312, 101072, 1466, 0, 0, 3, 1, '0', 0, 0, 3059.593, 1506.91, 138.102, 3.792139, 7200, 0, 0, 0, 0, 0, 0, 0, 0), -- 101072 (Area: 0)
(@CGUID+313, 101072, 1466, 0, 0, 3, 1, '0', 0, 0, 2997.727, 1475.335, 138.102, 2.206719, 7200, 0, 0, 0, 0, 0, 0, 0, 0), -- 101072 (Area: 0)
(@CGUID+314, 100533, 1466, 0, 0, 3, 1, '0', 0, 0, 3089.816, 1531.691, 137.9893, 1.938496, 7200, 0, 0, 0, 0, 0, 0, 0, 0), -- 100533 (Area: 0)
(@CGUID+315, 101072, 1466, 0, 0, 3, 1, '0', 0, 0, 3054.404, 1498.129, 138.151, 1.806231, 7200, 0, 0, 0, 0, 0, 0, 0, 0), -- 101072 (Area: 0)
(@CGUID+316, 100533, 1466, 0, 0, 3, 1, '0', 0, 0, 3095.615, 1530.606, 137.5031, 1.938496, 7200, 0, 0, 0, 0, 0, 0, 0, 0), -- 100533 (Area: 0)
(@CGUID+317, 101072, 1466, 0, 0, 3, 1, '0', 0, 0, 3061.562, 1509.248, 138.1451, 3.792139, 7200, 0, 0, 0, 0, 0, 0, 0, 0), -- 101072 (Area: 0)
(@CGUID+318, 101072, 1466, 0, 0, 3, 1, '0', 0, 0, 3002.111, 1475.559, 138.102, 2.206719, 7200, 0, 0, 0, 0, 0, 0, 0, 0), -- 101072 (Area: 0)
(@CGUID+319, 100531, 1466, 0, 0, 3, 1, '0', 0, 0, 3108.631, 1538.062, 137.815, 6.018498, 7200, 10, 0, 0, 0, 1, 0, 0, 0), -- 100531 (Area: 0) (possible waypoints or random movement)
(@CGUID+320, 100533, 1466, 0, 0, 3, 1, '0', 0, 0, 3093.431, 1532.434, 137.6934, 1.938496, 7200, 0, 0, 0, 0, 0, 0, 0, 0), -- 100533 (Area: 0)
(@CGUID+321, 101072, 1466, 0, 0, 3, 1, '0', 0, 0, 3062.175, 1504.634, 138.1046, 3.792139, 7200, 0, 0, 0, 0, 0, 0, 0, 0), -- 101072 (Area: 0)
(@CGUID+322, 101072, 1466, 0, 0, 3, 1, '0', 0, 0, 2994.413, 1476.439, 138.102, 2.206719, 7200, 0, 0, 0, 0, 0, 0, 0, 0), -- 101072 (Area: 0)
(@CGUID+323, 101072, 1466, 0, 0, 3, 1, '0', 0, 0, 3052.284, 1496.241, 138.1597, 1.806231, 7200, 0, 0, 0, 0, 0, 0, 0, 0), -- 101072 (Area: 0)
(@CGUID+324, 101072, 1466, 0, 0, 3, 1, '0', 0, 0, 3005.765, 1481.552, 138.102, 2.629639, 7200, 0, 0, 0, 0, 0, 0, 0, 0), -- 101072 (Area: 0)
(@CGUID+325, 101072, 1466, 0, 0, 3, 1, '0', 0, 0, 3052.258, 1493.403, 138.0863, 1.806231, 7200, 0, 0, 0, 0, 0, 0, 0, 0), -- 101072 (Area: 0)
(@CGUID+326, 101072, 1466, 0, 0, 3, 1, '0', 0, 0, 3012.36, 1478.406, 138.0411, 2.629639, 7200, 0, 0, 0, 0, 0, 0, 0, 0), -- 101072 (Area: 0)
(@CGUID+327, 101072, 1466, 0, 0, 3, 1, '0', 0, 0, 3015.417, 1479.563, 138.102, 2.629639, 7200, 0, 0, 0, 0, 0, 0, 0, 0), -- 101072 (Area: 0)
(@CGUID+328, 101072, 1466, 0, 0, 3, 1, '0', 0, 0, 3009.079, 1476.254, 137.7772, 2.629639, 7200, 0, 0, 0, 0, 0, 0, 0, 0), -- 101072 (Area: 0)
(@CGUID+329, 101072, 1466, 0, 0, 3, 1, '0', 0, 0, 3018.565, 1479.413, 138.102, 2.567477, 7200, 0, 0, 0, 0, 0, 0, 0, 0), -- 101072 (Area: 0)
(@CGUID+330, 101072, 1466, 0, 0, 3, 1, '0', 0, 0, 3036.366, 1482.484, 138.0092, 3.141988, 7200, 0, 0, 0, 0, 0, 0, 0, 0), -- 101072 (Area: 0)
(@CGUID+331, 101072, 1466, 0, 0, 3, 1, '0', 0, 0, 3047.52, 1488.804, 138.102, 3.371537, 7200, 0, 0, 0, 0, 0, 0, 0, 0), -- 101072 (Area: 0)
(@CGUID+332, 101072, 1466, 0, 0, 3, 1, '0', 0, 0, 3040.888, 1485.736, 138.0979, 3.371537, 7200, 0, 0, 0, 0, 0, 0, 0, 0), -- 101072 (Area: 0)
(@CGUID+333, 101072, 1466, 0, 0, 3, 1, '0', 0, 0, 3026.44, 1480.148, 138.102, 2.567477, 7200, 0, 0, 0, 0, 0, 0, 0, 0), -- 101072 (Area: 0)
(@CGUID+334, 101072, 1466, 0, 0, 3, 1, '0', 0, 0, 3053.28, 1490.819, 138.0295, 1.806231, 7200, 0, 0, 0, 0, 0, 0, 0, 0), -- 101072 (Area: 0)
(@CGUID+335, 101072, 1466, 0, 0, 3, 1, '0', 0, 0, 3028.687, 1481.25, 138.102, 3.141988, 7200, 0, 0, 0, 0, 0, 0, 0, 0), -- 101072 (Area: 0)
(@CGUID+336, 101072, 1466, 0, 0, 3, 1, '0', 0, 0, 3022.615, 1478.446, 138.102, 2.567477, 7200, 0, 0, 0, 0, 0, 0, 0, 0), -- 101072 (Area: 0)
(@CGUID+337, 101072, 1466, 0, 0, 3, 1, '0', 0, 0, 3043.791, 1486.627, 138.102, 3.371537, 7200, 0, 0, 0, 0, 0, 0, 0, 0), -- 101072 (Area: 0)
(@CGUID+338, 101072, 1466, 0, 0, 3, 1, '0', 0, 0, 3031.659, 1482.865, 138.1011, 3.141988, 7200, 0, 0, 0, 0, 0, 0, 0, 0), -- 101072 (Area: 0)
(@CGUID+339, 101072, 1466, 0, 0, 3, 1, '0', 0, 0, 3040.043, 1482.599, 138.102, 3.371537, 7200, 0, 0, 0, 0, 0, 0, 0, 0), -- 101072 (Area: 0)
(@CGUID+340, 101072, 1466, 0, 0, 3, 1, '0', 0, 0, 3033.833, 1480.009, 138.0474, 3.141988, 7200, 0, 0, 0, 0, 0, 0, 0, 0), -- 101072 (Area: 8101)
(@CGUID+341, 101072, 1466, 0, 0, 3, 1, '0', 0, 0, 3030.701, 1478.88, 138.102, 3.141988, 7200, 0, 0, 0, 0, 0, 0, 0, 0), -- 101072 (Area: 8101)
(@CGUID+342, 101072, 1466, 0, 0, 3, 1, '0', 0, 0, 3020.423, 1474.953, 138.1159, 2.567477, 7200, 0, 0, 0, 0, 0, 0, 0, 0), -- 101072 (Area: 8101)
(@CGUID+343, 101072, 1466, 0, 0, 3, 1, '0', 0, 0, 3024.406, 1475.903, 138.102, 2.567477, 7200, 0, 0, 0, 0, 0, 0, 0, 0), -- 101072 (Area: 8101)
(@CGUID+344, 99192, 1466, 0, 0, 3, 1, '0', 0, 0, 2706.888, 1318.255, 128.4209, 1.119043, 7200, 0, 0, 0, 0, 0, 0, 0, 0), -- 99192 (Area: 0) (Auras: )
(@CGUID+345, 100527, 1466, 0, 0, 3, 1, '0', 0, 0, 2748.436, 1398.925, 142.7622, 5.58373, 7200, 0, 0, 0, 0, 0, 0, 0, 0), -- 100527 (Area: 0) (Auras: )
(@CGUID+346, 100527, 1466, 0, 0, 3, 1, '0', 0, 0, 2749.07, 1393.299, 142.9925, 1.1756, 7200, 0, 0, 0, 0, 0, 0, 0, 0), -- 100527 (Area: 0) (Auras: )
(@CGUID+347, 99366, 1466, 0, 0, 3, 1, '0', 0, 0, 2745.624, 1396.168, 142.9701, 6.209489, 7200, 0, 0, 0, 0, 0, 0, 0, 0), -- 99366 (Area: 0) (Auras: )
(@CGUID+348, 99366, 1466, 0, 0, 3, 1, '0', 0, 0, 2746.811, 1390.33, 143.7337, 0.345738, 7200, 0, 0, 0, 0, 0, 0, 0, 0), -- 99366 (Area: 0) (Auras: )
(@CGUID+349, 101329, 1466, 0, 0, 3, 1, '0', 0, 0, 2705.762, 1324.613, 128.4226, 0.7438113, 7200, 0, 0, 0, 0, 0, 0, 0, 0);

delete from gameobject where map = 1466;
DELETE FROM gameobject WHERE `guid` BETWEEN @OGUID+0 AND @OGUID+21;
INSERT INTO gameobject (`guid`, `id`, `map`, `zoneId`, `areaId`, `spawnMask`, `PhaseId`, `position_x`, `position_y`, `position_z`, `orientation`, `rotation0`, `rotation1`, `rotation2`, `rotation3`, `spawntimesecs`, `animprogress`, `state`) VALUES
(@OGUID+9, 246939, 1466, 0, 0, 3, '', 3065.39, 1713.639, 141.8753, 5.59773, 0, 0, 0, 1, 7200, 255, 0), -- 246939 (Area: 7673)
(@OGUID+10, 246939, 1466, 0, 0, 3, '', 3018.455, 1696.49, 141.8682, 4.543576, 0, 0, 0, 1, 7200, 255, 0), -- 246939 (Area: 7673)
(@OGUID+11, 246939, 1466, 0, 0, 3, '', 2945.096, 1755.535, 142.0394, 3.183483, 0, 0, 0, 1, 7200, 255, 0), -- 246939 (Area: 7673)
(@OGUID+12, 246939, 1466, 0, 0, 3, '', 2953.487, 1729.286, 141.5836, 3.788178, 0, 0, 0, 1, 7200, 255, 0), -- 246939 (Area: 7673)
(@OGUID+13, 246910, 1466, 0, 0, 3, '', 2886.633, 2007.241, 192.6626, 4.91842, 0, 0, 0, 1, 7200, 255, 0), -- 246910 (Area: 7673)
(@OGUID+14, 247039, 1466, 0, 0, 3, '', 3047.181, 1534.646, 138.2019, 1.114476, 0, 0, 0, 1, 7200, 255, 0), -- 247039 (Area: 7673)
(@OGUID+15, 246905, 1466, 0, 0, 3, '', 2896.71, 1967.351, 189.058, 0, 0, 0, 0, 1, 7200, 255, 1), -- 246905 (Area: 7673)
(@OGUID+16, 246910, 1466, 0, 0, 3, '', 2866.22, 1949.234, 189.462, 0.5054905, 0, 0, 0, 1, 7200, 255, 0), -- 246910 (Area: 7673)
(@OGUID+17, 247039, 1466, 0, 0, 3, '', 2987.401, 1536.309, 138.6165, 2.297904, 0, 0, 0, 1, 7200, 255, 0), -- 247039 (Area: 7673)
(@OGUID+18, 246910, 1466, 0, 0, 3, '', 2860.99, 1985.288, 189.883, 5.92881, 0, 0, 0, 1, 7200, 255, 0), -- 246910 (Area: 7673)
(@OGUID+19, 247039, 1466, 0, 0, 3, '', 3063.431, 1512.479, 138.3524, 0.2621483, 0, 0, 0, 1, 7200, 255, 0), -- 247039 (Area: 7673)
(@OGUID+20, 246910, 1466, 0, 0, 3, '', 2918.683, 1997.436, 189.8812, 0.7961525, 0, 0, 0, 1, 7200, 255, 0), -- 246910 (Area: 7673)
(@OGUID+21, 246910, 1466, 0, 0, 3, '', 2929.736, 1967.127, 189.6961, 6.238412, 0, 0, 0, 1, 7200, 255, 0); -- 246910 (Area: 7673)

DELETE FROM `creature_template_addon` WHERE `entry` IN (96793, 97500, 32641, 32642, 97532, 97509, 97490, 97520, 62822, 62821, 97491, 97489, 97513, 97518, 97492, 97493, 97009, 97512, 97529, 97505, 97507, 101679, 95772, 95779, 100400, 95769, 95771, 99356, 100529, 101660, 103344, 100532, 100533, 99354, 95766, 100531, 99365, 101991, 100527, 99366, 96512, 100403, 99360, 100404, 101857, 99200, 102851, 100526, 101072, 100539, 99192, 101329, 100652);
INSERT IGNORE INTO `creature_template_addon` (`entry`, `mount`, `bytes1`, `bytes2`, `auras`) VALUES
(96793, 0, 0x0, 0x1, ''), -- 96793
(97500, 0, 0x0, 0x101, ''), -- 97500
(32641, 0, 0x0, 0x1, ''), -- 32641
(32642, 0, 0x0, 0x1, ''), -- 32642
(97532, 0, 0x0, 0x101, ''), -- 97532
(97509, 0, 0x0, 0x101, ''), -- 97509
(97490, 0, 0x0, 0x101, ''), -- 97490
(32642, 0, 0x0, 0x1, '61424'), -- 32642 - 61424
(32641, 0, 0x0, 0x1, '61424'), -- 32641 - 61424
(97520, 0, 0x0, 0x101, ''), -- 97520
(62822, 0, 0x0, 0x1, ''), -- 62822
(62821, 0, 0x0, 0x1, ''), -- 62821
(62822, 0, 0x0, 0x1, '123240'), -- 62822 - 123240
(62821, 0, 0x0, 0x1, '123236'), -- 62821 - 123236
(97491, 0, 0x0, 0x101, ''), -- 97491
(97489, 0, 0x0, 0x101, ''), -- 97489
(97513, 0, 0x0, 0x101, ''), -- 97513
(97518, 0, 0x0, 0x101, ''), -- 97518
(97492, 0, 0x0, 0x101, ''), -- 97492
(97493, 0, 0x0, 0x101, ''), -- 97493
(97009, 0, 0x0, 0x101, ''), -- 97009
(97512, 0, 0x0, 0x101, ''), -- 97512
(97529, 0, 0x0, 0x101, ''), -- 97529
(97505, 0, 0x0, 0x101, ''), -- 97505
(97507, 0, 0x0, 0x101, ''), -- 97507
(101679, 0, 0x0, 0x1, '200666'), -- 101679 - 200666
(95772, 0, 0x0, 0x1, ''), -- 95772
(95779, 0, 0x0, 0x1, '195110'), -- 95779 - 195110
(100400, 0, 0x0, 0x1, '146007'), -- 100400 - 146007
(95769, 0, 0x3000000, 0x1, ''), -- 95769
(95771, 0, 0x0, 0x1, ''), -- 95771
(95769, 0, 0x8, 0x1, ''), -- 95769
(95779, 0, 0x0, 0x1, ''), -- 95779
(95772, 0, 0x3, 0x1, ''), -- 95772
(95769, 0, 0x1, 0x1, ''), -- 95769
(95772, 0, 0x1, 0x1, ''), -- 95772
(99356, 0, 0x0, 0x1, '200760'), -- 99356 - 200760
(101679, 0, 0x8, 0x1, ''), -- 101679
(95772, 0, 0x0, 0x1, '200448'), -- 95772 - 200448
(100529, 0, 0x0, 0x1, ''), -- 100529
(101660, 0, 0x0, 0x1, '195110'), -- 101660 - 195110
(103344, 0, 0x0, 0x1, '165950'), -- 103344 - 165950
(101679, 0, 0x0, 0x1, ''), -- 101679
(101679, 0, 0x8, 0x1, '200666'), -- 101679 - 200666
(100532, 0, 0x0, 0x1, ''), -- 100532
(100533, 0, 0x2000000, 0x1, ''), -- 100533
(99354, 0, 0x0, 0x1, '165950'), -- 99354 - 165950
(95766, 0, 0x0, 0x1, ''), -- 95766
(100531, 0, 0x0, 0x1, ''), -- 100531
(99365, 0, 0x0, 0x1, ''), -- 99365
(101991, 0, 0x0, 0x1, ''), -- 101991
(100527, 0, 0x0, 0x1, '191262'), -- 100527 - 191262
(100400, 0, 0x0, 0x1, ''), -- 100400
(99366, 0, 0x0, 0x1, ''), -- 99366
(99365, 0, 0x8, 0x1, ''), -- 99365
(96512, 0, 0x0, 0x1, '197709'), -- 96512 - 197709
(100403, 0, 0x0, 0x1, ''), -- 100403
(99354, 0, 0x0, 0x1, ''), -- 99354
(99360, 0, 0x0, 0x1, ''), -- 99360
(100404, 0, 0x0, 0x1, ''), -- 100404
(101857, 0, 0x0, 0x1, ''), -- 101857
(99200, 0, 0x2000000, 0x1, ''), -- 99200
(102851, 0, 0x0, 0x1, ''), -- 102851
(99356, 0, 0x0, 0x1, ''), -- 99356
(99360, 0, 0x0, 0x1, '200760'), -- 99360 - 200760
(100526, 0, 0x2000000, 0x1, ''), -- 100526
(100527, 0, 0x0, 0x1, ''), -- 100527
(101072, 0, 0x2000000, 0x1, ''), -- 101072
(100539, 0, 0x0, 0x2, ''), -- 100539
(99192, 0, 0x0, 0x1, ''), -- 99192
(99366, 0, 0x8, 0x1, ''), -- 99366
(101329, 0, 0x0, 0x1, ''), -- 101329
(100652, 0, 0x0, 0x1, ''); -- 100652


DELETE FROM creature_model_info WHERE `DisplayID` IN (67051 /*67051*/, 67054 /*67054*/, 68730 /*68730*/, 64486 /*64486*/, 61828 /*61828*/, 69096 /*69096*/, 67372 /*67372*/, 16925 /*16925*/, 60143 /*60143*/, 64927 /*64927*/, 66131 /*66131*/, 12190 /*12190*/, 68057 /*68057*/, 66740 /*66740*/, 29278 /*29278*/, 64535 /*64535*/, 66739 /*66739*/, 68128 /*68128*/, 66738 /*66738*/, 60365 /*60365*/, 17045 /*17045*/, 68127 /*68127*/, 67290 /*67290*/, 47926 /*47926*/, 67297 /*67297*/, 13109 /*13109*/, 64385 /*64385*/, 64539 /*64539*/, 64537 /*64537*/, 64540 /*64540*/, 64536 /*64536*/, 66639 /*66639*/, 66637 /*66637*/, 66638 /*66638*/, 66636 /*66636*/, 66633 /*66633*/, 64541 /*64541*/, 67296 /*67296*/, 65239 /*65239*/, 65236 /*65236*/, 65253 /*65253*/, 65242 /*65242*/, 65173 /*65173*/, 65232 /*65232*/, 65230 /*65230*/, 65251 /*65251*/, 65243 /*65243*/, 65227 /*65227*/, 65229 /*65229*/, 42720 /*42720*/, 42722 /*42722*/, 65252 /*65252*/, 65228 /*65228*/, 65240 /*65240*/, 65254 /*65254*/, 28118 /*28118*/, 28120 /*28120*/, 65233 /*65233*/, 27958 /*27958*/);
INSERT INTO creature_model_info (`DisplayID`, `BoundingRadius`, `CombatReach`, `DisplayID_Other_Gender`) VALUES
(67051, 1.410401, 1.75, 0), -- 67051
(67054, 0.3, 3, 0), -- 67054
(68730, 2.673773, 1.5, 0), -- 68730
(64486, 2.108624, 1.5, 0), -- 64486
(61828, 3.451858, 2, 0), -- 61828
(69096, 0.62, 8, 0), -- 69096
(67372, 0.5835, 2.25, 0), -- 67372
(16925, 0.5, 1, 0), -- 16925
(60143, 2.575739, 1.5, 0), -- 60143
(64927, 0.778, 3, 0), -- 64927
(66131, 2.108622, 1.5, 0), -- 66131
(12190, 1.159686, 1.5, 0), -- 12190
(68057, 1.68125, 1.875, 0), -- 68057
(66740, 1.845046, 1.5, 0), -- 66740
(29278, 0.91668, 3, 0), -- 29278
(64535, 1.860481, 1.5, 0), -- 64535
(66739, 1.35, 4.5, 0), -- 66739
(68128, 4.521472, 6, 0), -- 68128
(66738, 1.425, 4.75, 0), -- 66738
(60365, 1.5, 5, 0), -- 60365
(17045, 0.30556, 1, 0), -- 17045
(68127, 9.042944, 12, 0), -- 68127
(67290, 0.62, 6, 0), -- 67290
(47926, 0.31, 3, 0), -- 47926
(67297, 0.5835, 2.25, 0), -- 67297
(13109, 2, 3, 0), -- 13109
(64385, 1.049585, 1.5, 0), -- 64385
(64539, 0.4896, 2.4, 0), -- 64539
(64537, 3.094482, 1.5, 0), -- 64537
(64540, 0.5835, 2.25, 0), -- 64540
(64536, 3.094482, 1.5, 0), -- 64536
(66639, 0.48625, 1.875, 0), -- 66639
(66637, 0.3825, 1.875, 0), -- 66637
(66638, 0.48625, 1.875, 0), -- 66638
(66636, 0.3825, 1.875, 0), -- 66636
(66633, 3.043402, 7, 0), -- 66633
(64541, 1.049585, 1.5, 0), -- 64541
(67296, 0.4896, 2.4, 0), -- 67296
(65239, 1, 1.5, 0), -- 65239
(65236, 0.383, 1.5, 0), -- 65236
(65253, 0.3519, 1.725, 0), -- 65253
(65242, 0.236, 1.5, 0), -- 65242
(65173, 0.372, 1.5, 0), -- 65173
(65232, 0.389, 1.5, 0), -- 65232
(65230, 0.372, 1.5, 0), -- 65230
(65251, 0.383, 1.5, 0), -- 65251
(65243, 0.306, 1.5, 0), -- 65243
(65227, 0.347, 1.5, 0), -- 65227
(65229, 0.306, 1.5, 0), -- 65229
(42720, 0.8, 1.2, 0), -- 42720
(42722, 0.8, 1.2, 0), -- 42722
(65252, 0.372, 1.5, 0), -- 65252
(65228, 0.347, 1.5, 0), -- 65228
(65240, 0.306, 1.5, 0), -- 65240
(65254, 0.208, 1.5, 0), -- 65254
(28118, 0.3672, 1.8, 0), -- 28118
(28120, 0.306, 1.5, 0), -- 28120
(65233, 0.8725, 3.75, 0), -- 65233
(27958, 0.306, 1.5, 0); -- 27958

DELETE FROM `creature_equip_template` WHERE `creatureId` IN (96512, 101857, 99366, 97513, 101679, 100400, 100403, 97491, 97493, 97529, 96793, 95771, 97532, 97500);
INSERT INTO `creature_equip_template` (`creatureId`, `itemId1`, `itemId2`, `itemId3`) VALUES
(96512, 72253, 0, 0), -- 96512
(101857, 39743, 0, 0), -- 101857
(99366, 85562, 0, 0), -- 99366
(97513, 113857, 0, 0), -- 97513
(101679, 39743, 0, 0), -- 101679
(100400, 52529, 0, 0), -- 100400
(100403, 52529, 0, 0), -- 100403
(97491, 124381, 0, 0), -- 97491
(97493, 124379, 0, 0), -- 97493
(97529, 124382, 0, 0), -- 97529
(96793, 2705, 0, 0), -- 96793
(95771, 52529, 0, 0), -- 95771
(97532, 124381, 0, 0), -- 97532
(97500, 119448, 0, 0); -- 97500


INSERT IGNORE INTO `creature_text` (`Entry`, `GroupID`, `ID`, `Text`, `Type`, `Language`, `Probability`, `Emote`, `Duration`, `Sound`, `BroadcastTextID`, `comment`) VALUES
(99192, 0, 0, 'Trespassers will be punished.', 14, 0, 100, 0, 0, 54497, 0, '  to 0'),
(99192, 1, 0, 'No, no! I refuse to... accept...', 14, 0, 100, 0, 0, 54485, 0, '  to Player'),
(100403, 0, 0, 'Kill her! Protect the grove!', 14, 0, 100, 0, 0, 54407, 0, 'Druidic Preserver to Player'),
(96512, 0, 0, '', 14, 0, 100, 0, 0, 54145, 0, '   to Player'),
(96512, 1, 0, '', 14, 0, 100, 0, 0, 54146, 0, '   to 0'),
(96512, 2, 0, '', 14, 0, 100, 0, 0, 54150, 0, '   to 0'),
(96512, 3, 0, '', 14, 0, 100, 0, 0, 54148, 0, '   to 0'),
(96512, 4, 0, '', 14, 0, 100, 0, 0, 54151, 0, '   to 0'),
(96512, 5, 0, '', 14, 0, 100, 0, 0, 54148, 0, '   to 0'),
(96512, 6, 0, '', 14, 0, 100, 0, 0, 54149, 0, '   to 0'),
(96512, 7, 0, '', 14, 0, 100, 0, 0, 54155, 0, '   to Player'),
(100652, 0, 0, 'A well-earned victory! We must, however, stay vigilant. Deep inside the Nightmare Xavius remains, unvanquished. The enemy you fought here was merely his shadow.', 12, 0, 100, 0, 0, 54496, 0, '   to  '),
(100652, 1, 0, 'A well-earned victory! We must, however, stay vigilant. Deep inside the Nightmare Xavius remains, unvanquished. The enemy you fought here was merely his shadow.', 12, 0, 100, 0, 0, 54496, 0, '   to Player'),
(103344, 0, 0, '    .', 14, 0, 100, 0, 0, 57872, 0, ' to 0'),
(103344, 1, 0, '   .', 14, 0, 100, 0, 0, 57880, 0, ' to 0'),
(103344, 2, 0, '   !', 14, 0, 100, 0, 0, 57884, 0, ' to 0'),
(103344, 3, 0, '   .', 14, 0, 100, 0, 0, 57880, 0, ' to 0'),
(103344, 4, 0, '     !', 14, 0, 100, 0, 0, 57886, 0, ' to 0'),
(103344, 5, 0, '  ,  .', 14, 0, 100, 0, 0, 57881, 0, ' to Player'),
(103344, 6, 0, '  ...    ...', 14, 0, 100, 0, 0, 57873, 0, ' to Player');





